Date/Time,Step Count (count),Source
2020-05-18 00:00:00,823,Gekyume
2020-05-19 00:00:00,885,Gekyume
2020-05-20 00:00:00,1194,Gekyume
2020-05-21 00:00:00,1037,Gekyume
2020-05-22 00:00:00,527,Gekyume
2020-05-23 00:00:00,824,Gekyume
2020-05-24 00:00:00,420,Gekyume
2020-05-25 00:00:00,912,Gekyume
2020-05-26 00:00:00,930,Gekyume
2020-05-27 00:00:00,838,Gekyume
2020-05-28 00:00:00,808,Gekyume
2020-05-29 00:00:00,1598,Gekyume
2020-05-30 00:00:00,654,Gekyume
2020-05-31 00:00:00,854,Gekyume
2020-06-01 00:00:00,1169,Gekyume
2020-06-02 00:00:00,628,Gekyume
2020-06-03 00:00:00,2127,Gekyume
2020-06-04 00:00:00,1235,Gekyume
2020-06-05 00:00:00,813,Gekyume
2020-06-06 00:00:00,1525,Gekyume
2020-06-07 00:00:00,1047,Gekyume
2020-06-08 00:00:00,975,Gekyume
2020-06-09 00:00:00,1184,Gekyume
2020-06-10 00:00:00,1416,Gekyume
2020-06-11 00:00:00,570,Gekyume
2020-06-12 00:00:00,1083,Gekyume
2020-06-13 00:00:00,556,Gekyume
2020-06-14 00:00:00,494,Gekyume
2020-06-15 00:00:00,342,Gekyume
2020-06-16 00:00:00,1027,Gekyume
2020-06-17 00:00:00,387,Gekyume
2020-06-18 00:00:00,784,Gekyume
2020-06-19 00:00:00,894,Gekyume
2020-06-20 00:00:00,422,Gekyume
2020-06-21 00:00:00,299,Gekyume
2020-06-22 00:00:00,1354,Gekyume
2020-06-23 00:00:00,852,Gekyume
2020-06-24 00:00:00,1025,Gekyume
2020-06-25 00:00:00,1500,Gekyume
2020-06-26 00:00:00,982,Gekyume
2020-06-27 00:00:00,1142,Gekyume
2020-06-28 00:00:00,907,Gekyume
2020-06-29 00:00:00,1378,Gekyume
2020-06-30 00:00:00,1075,Gekyume
2020-07-01 00:00:00,1135,Gekyume
2020-07-02 00:00:00,1353,Gekyume
2020-07-03 00:00:00,1038,Gekyume
2020-07-04 00:00:00,1977,Gekyume
2020-07-05 00:00:00,1205,Gekyume
2020-07-06 00:00:00,1002,Gekyume
2020-07-07 00:00:00,1010,Gekyume
2020-07-08 00:00:00,1223,Gekyume
2020-07-09 00:00:00,1369,Gekyume
2020-07-10 00:00:00,1099,Gekyume
2020-07-11 00:00:00,888,Gekyume
2020-07-12 00:00:00,4153,Gekyume
2020-07-13 00:00:00,1054,Gekyume
2020-07-14 00:00:00,694,Gekyume
2020-07-15 00:00:00,976,Gekyume
2020-07-16 00:00:00,1490,Gekyume
2020-07-17 00:00:00,1803,Gekyume
2020-07-18 00:00:00,935,Gekyume
2020-07-19 00:00:00,1659,Gekyume
2020-07-20 00:00:00,1128,Gekyume
2020-07-21 00:00:00,883,Gekyume
2020-07-22 00:00:00,888,Gekyume
2020-07-23 00:00:00,723,Gekyume
2020-07-24 00:00:00,1408,Gekyume
2020-07-25 00:00:00,427,Gekyume
2020-07-26 00:00:00,597,Gekyume
2020-07-27 00:00:00,768,Gekyume
2020-07-28 00:00:00,984,Gekyume
2020-07-29 00:00:00,1133,Gekyume
2020-07-30 00:00:00,557,Gekyume
2020-07-31 00:00:00,761,Gekyume
2020-08-01 00:00:00,863,Gekyume
2020-08-02 00:00:00,809,Gekyume
2020-08-03 00:00:00,373,Gekyume
2020-08-04 00:00:00,530,Gekyume
2020-08-05 00:00:00,859,Gekyume
2020-08-06 00:00:00,628,Gekyume
2020-08-07 00:00:00,3409,Gekyume
2020-08-08 00:00:00,1120,Gekyume
2020-08-09 00:00:00,1075,Gekyume
2020-08-10 00:00:00,833,Gekyume
2020-08-11 00:00:00,922,Gekyume
2020-08-12 00:00:00,343,Gekyume
2020-08-13 00:00:00,639,Gekyume
2020-08-14 00:00:00,1199,Gekyume
2020-08-15 00:00:00,366,Gekyume
2020-08-16 00:00:00,916,Gekyume
2020-08-17 00:00:00,1023,Gekyume
2020-08-18 00:00:00,821,Gekyume
2020-08-19 00:00:00,298,Gekyume
2020-08-20 00:00:00,1442,Gekyume
2020-08-21 00:00:00,1438,Gekyume
2020-08-22 00:00:00,1166,Gekyume
2020-08-23 00:00:00,345,Gekyume
2020-08-24 00:00:00,516,Gekyume
2020-08-25 00:00:00,311,Gekyume
2020-08-26 00:00:00,456,Gekyume
2020-08-27 00:00:00,918,Gekyume
2020-08-28 00:00:00,1381,Gekyume
2020-08-29 00:00:00,928,Gekyume
2020-08-30 00:00:00,4835,Gekyume
2020-08-31 00:00:00,1440,Gekyume
2020-09-01 00:00:00,2511,Gekyume
2020-09-02 00:00:00,1278,Gekyume
2020-09-03 00:00:00,375,Gekyume
2020-09-04 00:00:00,1644,Gekyume
2020-09-05 00:00:00,534.93,Gekyume
2020-09-06 00:00:00,1540,Gekyume
2020-09-07 00:00:00,4705,Gekyume
2020-09-08 00:00:00,759,Gekyume
2020-09-09 00:00:00,935,Gekyume
2020-09-10 00:00:00,635,Gekyume
2020-09-11 00:00:00,444,Gekyume
2020-09-12 00:00:00,911,Gekyume
2020-09-13 00:00:00,1117,Gekyume
2020-09-14 00:00:00,983,Gekyume
2020-09-15 00:00:00,512,Gekyume
2020-09-16 00:00:00,2018,Gekyume
2020-09-17 00:00:00,605,Gekyume
2020-09-18 00:00:00,1335,Gekyume
2020-09-19 00:00:00,2210,Gekyume
2020-09-20 00:00:00,505,Gekyume
2020-09-21 00:00:00,1711,Gekyume
2020-09-22 00:00:00,1203,Gekyume
2020-09-23 00:00:00,2009,Gekyume
2020-09-24 00:00:00,1208,Gekyume
2020-09-25 00:00:00,954,Gekyume
2020-09-26 00:00:00,2395,Gekyume
2020-09-27 00:00:00,859,Gekyume
2020-09-28 00:00:00,1174,Gekyume
2020-09-29 00:00:00,535,Gekyume
2020-09-30 00:00:00,2067,Gekyume
2020-10-01 00:00:00,528,Gekyume
2020-10-02 00:00:00,512,Gekyume
2020-10-03 00:00:00,3083,Gekyume
2020-10-04 00:00:00,572,Gekyume
2020-10-05 00:00:00,1437,Gekyume
2020-10-06 00:00:00,593,Gekyume
2020-10-07 00:00:00,1690,Gekyume
2020-10-08 00:00:00,541,Gekyume
2020-10-09 00:00:00,522,Gekyume
2020-10-10 00:00:00,880,Gekyume
2020-10-11 00:00:00,714,Gekyume
2020-10-12 00:00:00,1931,Gekyume
2020-10-13 00:00:00,970,Gekyume
2020-10-14 00:00:00,897,Gekyume
2020-10-15 00:00:00,933,Gekyume
2020-10-16 00:00:00,605,Gekyume
2020-10-17 00:00:00,1368,Gekyume
2020-10-18 00:00:00,3371,Gekyume
2020-10-19 00:00:00,540,Gekyume
2020-10-20 00:00:00,1074,Gekyume
2020-10-21 00:00:00,1771,Gekyume
2020-10-22 00:00:00,352,Gekyume
2020-10-23 00:00:00,936,Gekyume
2020-10-24 00:00:00,413,Gekyume
2020-10-25 00:00:00,930,Gekyume
2020-10-26 00:00:00,1636,Gekyume
2020-10-27 00:00:00,952,Gekyume
2020-10-28 00:00:00,516,Gekyume
2020-10-29 00:00:00,642,Gekyume
2020-10-30 00:00:00,872,Gekyume
2020-10-31 00:00:00,770,Gekyume
2020-11-01 00:00:00,1022,Gekyume
2020-11-02 00:00:00,1033,Gekyume
2020-11-03 00:00:00,1212,Gekyume
2020-11-04 00:00:00,534,Gekyume
2020-11-05 00:00:00,752,Gekyume
2020-11-06 00:00:00,607,Gekyume
2020-11-07 00:00:00,848,Gekyume
2020-11-08 00:00:00,616,Gekyume
2020-11-09 00:00:00,786,Gekyume
2020-11-10 00:00:00,1005,Gekyume
2020-11-11 00:00:00,599,Gekyume
2020-11-12 00:00:00,747,Gekyume
2020-11-13 00:00:00,895,Gekyume
2020-11-14 00:00:00,720,Gekyume
2020-11-15 00:00:00,792,Gekyume
2020-11-16 00:00:00,901,Gekyume
2020-11-17 00:00:00,606,Gekyume
2020-11-18 00:00:00,720,Gekyume
2020-11-19 00:00:00,723,Gekyume
2020-11-20 00:00:00,964,Gekyume
2020-11-21 00:00:00,646,Gekyume
2020-11-22 00:00:00,766,Gekyume
2020-11-23 00:00:00,1151,Gekyume
2020-11-24 00:00:00,620,Gekyume
2020-11-25 00:00:00,1277,Gekyume
2020-11-26 00:00:00,918,Gekyume
2020-11-27 00:00:00,857,Gekyume
2020-11-28 00:00:00,2901,Gekyume
2020-11-29 00:00:00,608,Gekyume
2020-11-30 00:00:00,1275,Gekyume
2020-12-01 00:00:00,585,Gekyume
2020-12-02 00:00:00,821,Gekyume
2020-12-03 00:00:00,931,Gekyume
2020-12-04 00:00:00,1216,Gekyume
2020-12-05 00:00:00,831,Gekyume
2020-12-06 00:00:00,1141,Gekyume
2020-12-07 00:00:00,931,Gekyume
2020-12-08 00:00:00,711,Gekyume
2020-12-09 00:00:00,679,Gekyume
2020-12-10 00:00:00,946,Gekyume
2020-12-11 00:00:00,1143,Gekyume
2020-12-12 00:00:00,1490,Gekyume
2020-12-13 00:00:00,787,Gekyume
2020-12-14 00:00:00,820,Gekyume
2020-12-15 00:00:00,735,Gekyume
2020-12-16 00:00:00,1081,Gekyume
2020-12-17 00:00:00,775,Gekyume
2020-12-18 00:00:00,854,Gekyume
2020-12-19 00:00:00,3450,Gekyume
2020-12-20 00:00:00,640,Gekyume
2020-12-21 00:00:00,438,Gekyume
2020-12-22 00:00:00,1147,Gekyume
2020-12-23 00:00:00,390.32,Gekyume
2020-12-24 00:00:00,928,Gekyume
2020-12-25 00:00:00,1273,Gekyume
2020-12-26 00:00:00,332,Gekyume
2020-12-27 00:00:00,522,Gekyume
2020-12-28 00:00:00,340,Gekyume
2020-12-29 00:00:00,544,Gekyume
2020-12-30 00:00:00,476,Gekyume
2020-12-31 00:00:00,440,Gekyume
2021-01-01 00:00:00,415,Gekyume
2021-01-02 00:00:00,863,Gekyume
2021-01-03 00:00:00,15,Gekyume
2021-01-04 00:00:00,617,Gekyume
2021-01-05 00:00:00,555,Gekyume
2021-01-06 00:00:00,570,Gekyume
2021-01-07 00:00:00,509,Gekyume
2021-01-08 00:00:00,751,Gekyume
2021-01-09 00:00:00,259,Gekyume
2021-01-10 00:00:00,845,Gekyume
2021-01-11 00:00:00,434,Gekyume
2021-01-12 00:00:00,1053,Gekyume
2021-01-13 00:00:00,389,Gekyume
2021-01-14 00:00:00,453,Gekyume
2021-01-15 00:00:00,786,Gekyume
2021-01-16 00:00:00,880,Gekyume
2021-01-17 00:00:00,498,Gekyume
2021-01-18 00:00:00,821,Gekyume
2021-01-19 00:00:00,329,Gekyume
2021-01-20 00:00:00,450,Gekyume
2021-01-21 00:00:00,481,Gekyume
2021-01-22 00:00:00,403,Gekyume
2021-01-23 00:00:00,541,Gekyume
2021-01-24 00:00:00,869,Gekyume
2021-01-25 00:00:00,805,Gekyume
2021-01-26 00:00:00,626,Gekyume
2021-01-27 00:00:00,576,Gekyume
2021-01-28 00:00:00,622,Gekyume
2021-01-29 00:00:00,487,Gekyume
2021-01-30 00:00:00,449,Gekyume
2021-01-31 00:00:00,607,Gekyume
2021-02-01 00:00:00,671,Gekyume
2021-02-02 00:00:00,8083,Gekyume
2021-02-03 00:00:00,671,Gekyume
2021-02-04 00:00:00,726,Gekyume
2021-02-05 00:00:00,882,Gekyume
2021-02-06 00:00:00,348,Gekyume
2021-02-07 00:00:00,838,Gekyume
2021-02-08 00:00:00,847,Gekyume
2021-02-09 00:00:00,374,Gekyume
2021-02-10 00:00:00,675,Gekyume
2021-02-11 00:00:00,773,Gekyume
2021-02-12 00:00:00,608,Gekyume
2021-02-13 00:00:00,400,Gekyume
2021-02-14 00:00:00,479,Gekyume
2021-02-15 00:00:00,1257,Gekyume
2021-02-16 00:00:00,1121,Gekyume
2021-02-17 00:00:00,319,Gekyume
2021-02-18 00:00:00,605,Gekyume
2021-02-19 00:00:00,487,Gekyume
2021-02-20 00:00:00,703,Gekyume
2021-02-21 00:00:00,879,Gekyume
2021-02-22 00:00:00,655,Gekyume
2021-02-23 00:00:00,785,Gekyume
2021-02-24 00:00:00,288,Gekyume
2021-02-25 00:00:00,867,Gekyume
2021-02-26 00:00:00,609,Gekyume
2021-02-27 00:00:00,774,Gekyume
2021-02-28 00:00:00,581,Gekyume
2021-03-01 00:00:00,1202,Gekyume
2021-03-02 00:00:00,1272,Gekyume
2021-03-03 00:00:00,758,Gekyume
2021-03-04 00:00:00,645,Gekyume
2021-03-05 00:00:00,1460,Gekyume
2021-03-06 00:00:00,729.35,Gekyume
2021-03-07 00:00:00,1298,Gekyume
2021-03-08 00:00:00,908.88,Gekyume
2021-03-09 00:00:00,765.12,Gekyume
2021-03-10 00:00:00,1231,Gekyume
2021-03-11 00:00:00,1332,Gekyume
2021-03-12 00:00:00,2746,Gekyume
2021-03-13 00:00:00,723,Gekyume
2021-03-14 00:00:00,968,Gekyume
2021-03-15 00:00:00,2324,Gekyume
2021-03-16 00:00:00,663,Gekyume
2021-03-17 00:00:00,818,Gekyume
2021-03-18 00:00:00,811,Gekyume
2021-03-19 00:00:00,937,Gekyume
2021-03-20 00:00:00,4950,Gekyume
2021-03-21 00:00:00,785,Gekyume
2021-03-22 00:00:00,1008,Gekyume
2021-03-23 00:00:00,996,Gekyume
2021-03-24 00:00:00,1213,Gekyume
2021-03-25 00:00:00,1315,Gekyume
2021-03-26 00:00:00,808,Gekyume
2021-03-27 00:00:00,3172,Gekyume
2021-03-28 00:00:00,700,Gekyume
2021-03-29 00:00:00,1051,Gekyume
2021-03-30 00:00:00,1578,Gekyume
2021-03-31 00:00:00,865,Gekyume
2021-04-01 00:00:00,1108,Gekyume
2021-04-02 00:00:00,517,Gekyume
2021-04-03 00:00:00,1309,Gekyume
2021-04-04 00:00:00,340,Gekyume
2021-04-05 00:00:00,1143,Gekyume
2021-04-06 00:00:00,1321,Gekyume
2021-04-07 00:00:00,1540,Gekyume
2021-04-08 00:00:00,2208,Gekyume
2021-04-09 00:00:00,267,Gekyume
2021-04-10 00:00:00,2045,Gekyume
2021-04-11 00:00:00,7724,Gekyume
2021-04-12 00:00:00,471,Gekyume
2021-04-13 00:00:00,329,Gekyume
2021-04-14 00:00:00,991,Gekyume
2021-04-15 00:00:00,1100,Gekyume
2021-04-16 00:00:00,786,Gekyume
2021-04-17 00:00:00,190,Gekyume
2021-04-18 00:00:00,1676,Gekyume
2021-04-19 00:00:00,1884,Gekyume
2021-04-20 00:00:00,2298,Gekyume
2021-04-21 00:00:00,2052,Gekyume
2021-04-22 00:00:00,1693,Gekyume
2021-04-23 00:00:00,1169,Gekyume
2021-04-24 00:00:00,1220,Gekyume
2021-04-25 00:00:00,791,Gekyume
2021-04-26 00:00:00,747,Gekyume
2021-04-27 00:00:00,650,iPhone|Gekyume
2021-04-28 00:00:00,526,iPhone|Gekyume
2021-04-29 00:00:00,854,iPhone|Gekyume
2021-04-30 00:00:00,616,iPhone|Gekyume
2021-05-01 00:00:00,654,iPhone|Gekyume
2021-05-02 00:00:00,707,iPhone|Gekyume
2021-05-03 00:00:00,954,iPhone|Gekyume
2021-05-04 00:00:00,1036,iPhone|Gekyume
2021-05-05 00:00:00,573,iPhone|Gekyume
2021-05-06 00:00:00,177,iPhone|Gekyume
2021-05-07 00:00:00,1732,iPhone|Gekyume
2021-05-08 00:00:00,1663,iPhone|Gekyume
2021-05-09 00:00:00,1218,iPhone|Gekyume
2021-05-10 00:00:00,1425,iPhone|Gekyume
2021-05-11 00:00:00,348,iPhone|Gekyume
2021-05-12 00:00:00,3662,iPhone|Gekyume
2021-05-13 00:00:00,1069,iPhone|Gekyume
2021-05-14 00:00:00,8708,iPhone|Gekyume
2021-05-15 00:00:00,872,iPhone|Gekyume
2021-05-16 00:00:00,1724,iPhone|Gekyume
2021-05-17 00:00:00,763,iPhone|Gekyume
2021-05-18 00:00:00,933,iPhone|Gekyume
2021-05-19 00:00:00,788,iPhone|Gekyume
2021-05-20 00:00:00,603,iPhone|Gekyume
2021-05-21 00:00:00,467,iPhone|Gekyume
2021-05-22 00:00:00,848,iPhone|Gekyume
2021-05-23 00:00:00,772,iPhone|Gekyume
2021-05-24 00:00:00,1898,iPhone|Gekyume
2021-05-25 00:00:00,1674,iPhone|Gekyume
2021-05-26 00:00:00,1803,iPhone|Gekyume
2021-05-27 00:00:00,3524,iPhone|Gekyume
2021-05-28 00:00:00,1195,iPhone|Gekyume
2021-05-29 00:00:00,5753,iPhone|Gekyume
2021-05-30 00:00:00,4659,iPhone|Gekyume
2021-05-31 00:00:00,884,iPhone|Gekyume
2021-06-01 00:00:00,1125,iPhone|Gekyume
2021-06-02 00:00:00,1543,iPhone|Gekyume
2021-06-03 00:00:00,2038,iPhone|Gekyume
2021-06-04 00:00:00,2259,iPhone|Gekyume
2021-06-05 00:00:00,2010,iPhone|Gekyume
2021-06-06 00:00:00,346,iPhone|Gekyume
2021-06-07 00:00:00,1455,iPhone|Gekyume
2021-06-08 00:00:00,2550,iPhone|Gekyume
2021-06-09 00:00:00,1408,iPhone|Gekyume
2021-06-10 00:00:00,863,iPhone|Gekyume
2021-06-11 00:00:00,3109,iPhone|Gekyume
2021-06-12 00:00:00,2023,iPhone|Gekyume
2021-06-13 00:00:00,1946,iPhone|Gekyume
2021-06-14 00:00:00,2120,iPhone|Gekyume
2021-06-15 00:00:00,562,iPhone|Gekyume
2021-06-16 00:00:00,649,iPhone|Gekyume
2021-06-17 00:00:00,2960,iPhone|Gekyume
2021-06-18 00:00:00,2988,iPhone|Gekyume
2021-06-19 00:00:00,1888,iPhone|Gekyume
2021-06-20 00:00:00,1699,iPhone|Gekyume
2021-06-21 00:00:00,2288,iPhone|Gekyume
2021-06-22 00:00:00,2708,iPhone|Gekyume
2021-06-23 00:00:00,3213,iPhone|Gekyume
2021-06-24 00:00:00,1959,iPhone|Gekyume
2021-06-25 00:00:00,2258,iPhone|Gekyume
2021-06-26 00:00:00,1541,iPhone|Gekyume
2021-06-27 00:00:00,830,iPhone|Gekyume
2021-06-28 00:00:00,1472,iPhone|Gekyume
2021-06-29 00:00:00,2580,iPhone|Gekyume
2021-06-30 00:00:00,2541,iPhone|Gekyume
2021-07-01 00:00:00,1847,iPhone|Gekyume
2021-07-02 00:00:00,3441,iPhone|Gekyume
2021-07-03 00:00:00,1686,iPhone|Gekyume
2021-07-04 00:00:00,3391,iPhone|Gekyume
2021-07-05 00:00:00,2665,iPhone|Gekyume
2021-07-06 00:00:00,2450,iPhone|Gekyume
2021-07-07 00:00:00,1306,iPhone|Gekyume
2021-07-08 00:00:00,3748,iPhone|Gekyume
2021-07-09 00:00:00,2738,iPhone|Gekyume
2021-07-10 00:00:00,2579,iPhone|Gekyume
2021-07-11 00:00:00,689,iPhone|Gekyume
2021-07-12 00:00:00,3129,iPhone|Gekyume
2021-07-13 00:00:00,1792,iPhone|Gekyume
2021-07-14 00:00:00,1143,iPhone|Gekyume
2021-07-15 00:00:00,2455,iPhone|Gekyume
2021-07-16 00:00:00,1064,iPhone|Gekyume
2021-07-17 00:00:00,1837,iPhone|Gekyume
2021-07-18 00:00:00,2234,iPhone|Gekyume
2021-07-19 00:00:00,2935,iPhone|Gekyume
2021-07-20 00:00:00,1993,iPhone|Gekyume
2021-07-21 00:00:00,2097,iPhone|Gekyume
2021-07-22 00:00:00,2563,iPhone|Gekyume
2021-07-23 00:00:00,1328,iPhone|Gekyume
2021-07-24 00:00:00,2130,iPhone|Gekyume
2021-07-25 00:00:00,8126,iPhone|Gekyume
2021-07-26 00:00:00,1982,iPhone|Gekyume
2021-07-27 00:00:00,988,iPhone|Gekyume
2021-07-28 00:00:00,1049,iPhone|Gekyume
2021-07-29 00:00:00,2061,iPhone|Gekyume
2021-07-30 00:00:00,2841,iPhone|Gekyume
2021-07-31 00:00:00,1598,iPhone|Gekyume
2021-08-01 00:00:00,578,iPhone|Gekyume
2021-08-02 00:00:00,720,iPhone|Gekyume
2021-08-03 00:00:00,543,iPhone|Gekyume
2021-08-04 00:00:00,3015,iPhone|Gekyume
2021-08-05 00:00:00,2696,iPhone|Gekyume
2021-08-06 00:00:00,2703,iPhone|Gekyume
2021-08-07 00:00:00,2234,iPhone|Gekyume
2021-08-08 00:00:00,2949,iPhone|Gekyume
2021-08-09 00:00:00,678,iPhone|Gekyume
2021-08-10 00:00:00,3039,iPhone|Gekyume
2021-08-11 00:00:00,3085,iPhone|Gekyume
2021-08-12 00:00:00,1702,iPhone|Gekyume
2021-08-13 00:00:00,5726,iPhone|Gekyume
2021-08-14 00:00:00,10123,iPhone|Gekyume
2021-08-15 00:00:00,2718,iPhone|Gekyume
2021-08-16 00:00:00,3561,iPhone|Gekyume
2021-08-17 00:00:00,3221,iPhone|Gekyume
2021-08-18 00:00:00,1066,iPhone|Gekyume
2021-08-19 00:00:00,6530,iPhone|Gekyume
2021-08-20 00:00:00,2017,iPhone|Gekyume
2021-08-21 00:00:00,1183,iPhone|Gekyume
2021-08-22 00:00:00,1346,iPhone|Gekyume
2021-08-23 00:00:00,2039,iPhone|Gekyume
2021-08-24 00:00:00,2640,iPhone|Gekyume
2021-08-25 00:00:00,2427,iPhone|Gekyume
2021-08-26 00:00:00,4539,iPhone|Gekyume
2021-08-27 00:00:00,1998,iPhone|Gekyume
2021-08-28 00:00:00,1187,iPhone|Gekyume
2021-08-29 00:00:00,3355,iPhone|Gekyume
2021-08-30 00:00:00,12846,iPhone|Gekyume
2021-08-31 00:00:00,8585,iPhone|Gekyume
2021-09-01 00:00:00,5536,iPhone|Gekyume
2021-09-02 00:00:00,6858,iPhone|Gekyume
2021-09-03 00:00:00,9896,iPhone|Gekyume
2021-09-04 00:00:00,3942,iPhone|Gekyume
2021-09-05 00:00:00,2370,iPhone|Gekyume
2021-09-06 00:00:00,1947,iPhone|Gekyume
2021-09-07 00:00:00,6315,iPhone|Gekyume
2021-09-08 00:00:00,6812,iPhone|Gekyume
2021-09-09 00:00:00,5690,iPhone|Gekyume
2021-09-10 00:00:00,6754,iPhone|Gekyume
2021-09-11 00:00:00,2449,iPhone|Gekyume
2021-09-12 00:00:00,1122,iPhone|Gekyume
2021-09-13 00:00:00,8187,iPhone|Gekyume
2021-09-14 00:00:00,8104,iPhone|Gekyume
2021-09-15 00:00:00,7742,iPhone|Gekyume
2021-09-16 00:00:00,6554,iPhone|Gekyume
2021-09-17 00:00:00,529,iPhone|Gekyume
2021-09-18 00:00:00,448,iPhone|Gekyume
2021-09-19 00:00:00,327,iPhone|Gekyume
2021-09-20 00:00:00,6217,iPhone|Gekyume
2021-09-21 00:00:00,4537,iPhone|Gekyume
2021-09-22 00:00:00,5226,iPhone|Gekyume
2021-09-23 00:00:00,6877,iPhone|Gekyume
2021-09-24 00:00:00,6404,iPhone|Gekyume
2021-09-25 00:00:00,550,iPhone|Gekyume
2021-09-26 00:00:00,1589,iPhone|Gekyume
2021-09-27 00:00:00,4860,iPhone|Gekyume
2021-09-28 00:00:00,5534,iPhone|iPhone|Gekyume
2021-09-29 00:00:00,10618,iPhone|iPhone|Gekyume
2021-09-30 00:00:00,7895,iPhone|iPhone|Gekyume
2021-10-01 00:00:00,8108,iPhone|iPhone|Gekyume
2021-10-02 00:00:00,1114,iPhone|iPhone|Gekyume
2021-10-03 00:00:00,1345,iPhone|iPhone|Gekyume
2021-10-04 00:00:00,4062,iPhone|iPhone|Gekyume
2021-10-05 00:00:00,1490,iPhone|iPhone|Gekyume
2021-10-06 00:00:00,930,iPhone|iPhone|Gekyume
2021-10-07 00:00:00,606,iPhone|iPhone|Gekyume
2021-10-08 00:00:00,6917,iPhone|iPhone|Gekyume
2021-10-09 00:00:00,396,iPhone|iPhone|Gekyume
2021-10-10 00:00:00,795,iPhone|iPhone|Gekyume
2021-10-11 00:00:00,1052,iPhone|iPhone|Gekyume
2021-10-12 00:00:00,6769,iPhone|iPhone|Gekyume
2021-10-13 00:00:00,8832,iPhone|iPhone|Gekyume
2021-10-14 00:00:00,7348,iPhone|iPhone|Gekyume
2021-10-15 00:00:00,5317,iPhone|iPhone|Gekyume
2021-10-16 00:00:00,1490,iPhone|iPhone|Gekyume
2021-10-17 00:00:00,1334,iPhone|iPhone|Gekyume
2021-10-18 00:00:00,7521,iPhone|iPhone|Gekyume
2021-10-19 00:00:00,6194,iPhone|iPhone|Gekyume
2021-10-20 00:00:00,6444,iPhone|iPhone|Gekyume
2021-10-21 00:00:00,4880,iPhone|iPhone|Gekyume
2021-10-22 00:00:00,6410,iPhone|iPhone|Gekyume
2021-10-23 00:00:00,1005,iPhone|iPhone|Gekyume
2021-10-24 00:00:00,263,iPhone|iPhone|Gekyume
2021-10-25 00:00:00,9038,iPhone|iPhone|Gekyume
2021-10-26 00:00:00,5674,iPhone|iPhone|Gekyume
2021-10-27 00:00:00,5046,iPhone|iPhone|Gekyume
2021-10-28 00:00:00,7816,iPhone|iPhone|Gekyume
2021-10-29 00:00:00,4791,iPhone|iPhone|Gekyume
2021-10-30 00:00:00,2742,iPhone|iPhone|Gekyume
2021-10-31 00:00:00,6997,iPhone|iPhone|Gekyume
2021-11-01 00:00:00,5158,iPhone|iPhone|Gekyume
2021-11-02 00:00:00,5336,iPhone|iPhone|Gekyume
2021-11-03 00:00:00,7410,iPhone|iPhone|Gekyume
2021-11-04 00:00:00,7175,iPhone|iPhone|Gekyume
2021-11-05 00:00:00,4562,iPhone|iPhone|Gekyume
2021-11-06 00:00:00,1354,iPhone|iPhone|Gekyume
2021-11-07 00:00:00,1060,iPhone|iPhone|Gekyume
2021-11-08 00:00:00,5209,iPhone|iPhone|Gekyume
2021-11-09 00:00:00,5890,iPhone|iPhone|Gekyume
2021-11-10 00:00:00,7129,iPhone|iPhone|Gekyume
2021-11-11 00:00:00,4990,iPhone|iPhone|Gekyume
2021-11-12 00:00:00,822,iPhone|iPhone|Gekyume
2021-11-13 00:00:00,464,iPhone|iPhone|Gekyume
2021-11-14 00:00:00,954,iPhone|iPhone|Gekyume
2021-11-15 00:00:00,5587,iPhone|iPhone|Gekyume
2021-11-16 00:00:00,5904,iPhone|iPhone|Gekyume
2021-11-17 00:00:00,4767,iPhone|iPhone|Gekyume
2021-11-18 00:00:00,6733,iPhone|iPhone|Gekyume
2021-11-19 00:00:00,5011,iPhone|iPhone|Gekyume
2021-11-20 00:00:00,1354,iPhone|iPhone|Gekyume
2021-11-21 00:00:00,288,iPhone|iPhone|Gekyume
2021-11-22 00:00:00,7622,iPhone|iPhone|Gekyume
2021-11-23 00:00:00,5365,iPhone|iPhone|Gekyume
2021-11-24 00:00:00,1724,iPhone|iPhone|Gekyume
2021-11-25 00:00:00,3634,iPhone|iPhone|Gekyume
2021-11-26 00:00:00,4257,iPhone|iPhone|Gekyume
2021-11-27 00:00:00,797,iPhone|iPhone|Gekyume
2021-11-28 00:00:00,694,iPhone|iPhone|Gekyume
2021-11-29 00:00:00,5156,iPhone|iPhone|Gekyume
2021-11-30 00:00:00,5325,iPhone|iPhone|Gekyume
2021-12-01 00:00:00,6683,iPhone|iPhone|Gekyume
2021-12-02 00:00:00,6813,iPhone|iPhone|Gekyume
2021-12-03 00:00:00,4681,iPhone|iPhone|Gekyume
2021-12-04 00:00:00,1519,iPhone|iPhone|Gekyume
2021-12-05 00:00:00,498,iPhone|iPhone|Gekyume
2021-12-06 00:00:00,5307,iPhone|iPhone|Gekyume
2021-12-07 00:00:00,5742,iPhone|iPhone|Gekyume
2021-12-08 00:00:00,4772,iPhone|iPhone|Gekyume
2021-12-09 00:00:00,5282,iPhone|iPhone|Gekyume
2021-12-10 00:00:00,5374,iPhone|iPhone|Gekyume
2021-12-11 00:00:00,952,iPhone|iPhone|Gekyume
2021-12-12 00:00:00,548,iPhone|iPhone|Gekyume
2021-12-13 00:00:00,1550,iPhone|iPhone|Gekyume
2021-12-14 00:00:00,1027,iPhone|iPhone|Gekyume
2021-12-15 00:00:00,862,iPhone|iPhone|Gekyume
2021-12-16 00:00:00,775,iPhone|iPhone|Gekyume
2021-12-17 00:00:00,1388,iPhone|iPhone|Gekyume
2021-12-18 00:00:00,3025,iPhone|iPhone|Gekyume
2021-12-19 00:00:00,342,iPhone|iPhone|Gekyume
2021-12-20 00:00:00,6047,iPhone|iPhone|Gekyume
2021-12-21 00:00:00,4828,iPhone|iPhone|Gekyume
2021-12-22 00:00:00,4255,iPhone|iPhone|Gekyume
2021-12-23 00:00:00,651,iPhone|iPhone|Gekyume
2021-12-24 00:00:00,821,iPhone|iPhone|Gekyume
2021-12-25 00:00:00,1664,iPhone|iPhone|Gekyume
2021-12-26 00:00:00,751,iPhone|iPhone|Gekyume
2021-12-27 00:00:00,933,iPhone|iPhone|Gekyume
2021-12-28 00:00:00,2469,iPhone|iPhone|Gekyume
2021-12-29 00:00:00,922,iPhone|iPhone|Gekyume
2021-12-30 00:00:00,360,iPhone|iPhone|Gekyume
2021-12-31 00:00:00,791,iPhone|iPhone|Gekyume
2022-01-01 00:00:00,2669,iPhone|iPhone|Gekyume
2022-01-02 00:00:00,919,iPhone|iPhone|Gekyume
2022-01-03 00:00:00,2125,iPhone|iPhone|Gekyume
2022-01-04 00:00:00,1159,iPhone|iPhone|Gekyume
2022-01-05 00:00:00,2492,iPhone|iPhone|Gekyume
2022-01-06 00:00:00,3297,iPhone|iPhone|Gekyume
2022-01-07 00:00:00,743,iPhone|iPhone|Gekyume
2022-01-08 00:00:00,1557,iPhone|iPhone|Gekyume
2022-01-09 00:00:00,1182,iPhone|iPhone|Gekyume
2022-01-10 00:00:00,4238,iPhone|iPhone|Gekyume
2022-01-11 00:00:00,5377,iPhone|iPhone|Gekyume
2022-01-12 00:00:00,4307,iPhone|iPhone|Gekyume
2022-01-13 00:00:00,5241,iPhone|iPhone|Gekyume
2022-01-14 00:00:00,4015,iPhone|iPhone|Gekyume
2022-01-15 00:00:00,444,iPhone|iPhone|Gekyume
2022-01-16 00:00:00,367,iPhone|iPhone|Gekyume
2022-01-17 00:00:00,1810,iPhone|iPhone|Gekyume
2022-01-18 00:00:00,6646,iPhone|iPhone|Gekyume
2022-01-19 00:00:00,4511,iPhone|iPhone|Gekyume
2022-01-20 00:00:00,3987,iPhone|iPhone|Gekyume
2022-01-21 00:00:00,1694,iPhone|iPhone|Gekyume
2022-01-22 00:00:00,537,iPhone|iPhone|Gekyume
2022-01-23 00:00:00,1853,iPhone|iPhone|Gekyume
2022-01-24 00:00:00,5939,iPhone|iPhone|Gekyume
2022-01-25 00:00:00,4259,iPhone|iPhone|Gekyume
2022-01-26 00:00:00,6011,iPhone|iPhone|Gekyume
2022-01-27 00:00:00,5257,iPhone|iPhone|Gekyume
2022-01-28 00:00:00,5966,iPhone|iPhone|Gekyume
2022-01-29 00:00:00,589.05,iPhone|iPhone|Gekyume
2022-01-30 00:00:00,1585,iPhone|iPhone|Gekyume
2022-01-31 00:00:00,4902,iPhone|iPhone|Gekyume
2022-02-01 00:00:00,4390,iPhone|iPhone|Gekyume
2022-02-02 00:00:00,4699,iPhone|iPhone|Gekyume
2022-02-03 00:00:00,4110,iPhone|iPhone|Gekyume
2022-02-04 00:00:00,4836,iPhone|iPhone|Gekyume
2022-02-05 00:00:00,1286,iPhone|iPhone|Gekyume
2022-02-06 00:00:00,2021,iPhone|iPhone|Gekyume
2022-02-07 00:00:00,4097,iPhone|iPhone|Gekyume
2022-02-08 00:00:00,3934,iPhone|iPhone|Gekyume
2022-02-09 00:00:00,4823,iPhone|iPhone|Gekyume
2022-02-10 00:00:00,3799,iPhone|iPhone|Gekyume
2022-02-11 00:00:00,5697,iPhone|iPhone|Gekyume
2022-02-12 00:00:00,1628,iPhone|iPhone|Gekyume
2022-02-13 00:00:00,1449,iPhone|iPhone|Gekyume
2022-02-14 00:00:00,6408,iPhone|iPhone|Gekyume
2022-02-15 00:00:00,3930,iPhone|iPhone|Gekyume
2022-02-16 00:00:00,4360,iPhone|iPhone|Gekyume
2022-02-17 00:00:00,6267,iPhone|iPhone|Gekyume
2022-02-18 00:00:00,8187,iPhone|iPhone|Gekyume
2022-02-19 00:00:00,1575,iPhone|iPhone|Gekyume
2022-02-20 00:00:00,510,iPhone|iPhone|Gekyume
2022-02-21 00:00:00,727,iPhone|iPhone|Gekyume
2022-02-22 00:00:00,5611,iPhone|iPhone|Gekyume
2022-02-23 00:00:00,6993,iPhone|iPhone|Gekyume
2022-02-24 00:00:00,5673,iPhone|iPhone|Gekyume
2022-02-25 00:00:00,6279,iPhone|iPhone|Gekyume
2022-02-26 00:00:00,1648,iPhone|iPhone|Gekyume
2022-02-27 00:00:00,4386,iPhone|iPhone|Gekyume
2022-02-28 00:00:00,4264,iPhone|iPhone|Gekyume
2022-03-01 00:00:00,7045,iPhone|iPhone|Gekyume
2022-03-02 00:00:00,5488,iPhone|iPhone|Gekyume
2022-03-03 00:00:00,5724,iPhone|iPhone|Gekyume
2022-03-04 00:00:00,1157,iPhone|iPhone|Gekyume
2022-03-05 00:00:00,3840,iPhone|iPhone|Gekyume
2022-03-06 00:00:00,1928,iPhone|iPhone|Gekyume
2022-03-07 00:00:00,4863,iPhone|iPhone|Gekyume
2022-03-08 00:00:00,6296,iPhone|iPhone|Gekyume
2022-03-09 00:00:00,5257,iPhone|iPhone|Gekyume
2022-03-10 00:00:00,4927,iPhone|iPhone|Gekyume
2022-03-11 00:00:00,6302,iPhone|iPhone|Gekyume
2022-03-12 00:00:00,764,iPhone|iPhone|Gekyume
2022-03-13 00:00:00,1125,iPhone|iPhone|Gekyume
2022-03-14 00:00:00,7921,iPhone|iPhone|Gekyume
2022-03-15 00:00:00,6953,iPhone|iPhone|Gekyume
2022-03-16 00:00:00,6462,iPhone|iPhone|Gekyume
2022-03-17 00:00:00,6176,iPhone|iPhone|Gekyume
2022-03-18 00:00:00,5662,iPhone|iPhone|Gekyume
2022-03-19 00:00:00,1465,iPhone|iPhone|Gekyume
2022-03-20 00:00:00,3396,iPhone|iPhone|Gekyume
2022-03-21 00:00:00,7707,iPhone|iPhone|Gekyume
2022-03-22 00:00:00,6524,iPhone|iPhone|Gekyume
2022-03-23 00:00:00,5191,iPhone|iPhone|Gekyume
2022-03-24 00:00:00,4750,iPhone|iPhone|Gekyume
2022-03-25 00:00:00,7683,iPhone|iPhone|Gekyume
2022-03-26 00:00:00,2697,iPhone|iPhone|Gekyume
2022-03-27 00:00:00,2327,iPhone|iPhone|Gekyume
2022-03-28 00:00:00,5306,iPhone|iPhone|Gekyume
2022-03-29 00:00:00,4565,iPhone|iPhone|Gekyume
2022-03-30 00:00:00,5836,iPhone|iPhone|Gekyume
2022-03-31 00:00:00,5397,iPhone|iPhone|Gekyume
2022-04-01 00:00:00,1780,iPhone|iPhone|Gekyume
2022-04-02 00:00:00,2301,iPhone|iPhone|Gekyume
2022-04-03 00:00:00,754,iPhone|iPhone|Gekyume
2022-04-04 00:00:00,4446,iPhone|iPhone|Gekyume
2022-04-05 00:00:00,5823,iPhone|iPhone|Gekyume
2022-04-06 00:00:00,4261,iPhone|iPhone|Gekyume
2022-04-07 00:00:00,3986,iPhone|iPhone|Gekyume
2022-04-08 00:00:00,8234,iPhone|iPhone|Gekyume
2022-04-09 00:00:00,4085,iPhone|iPhone|Gekyume
2022-04-10 00:00:00,2406,iPhone|iPhone|Gekyume
2022-04-11 00:00:00,6414,iPhone|iPhone|Gekyume
2022-04-12 00:00:00,5809,iPhone|iPhone|Gekyume
2022-04-13 00:00:00,6824,iPhone|iPhone|Gekyume
2022-04-14 00:00:00,4893,iPhone|iPhone|Gekyume
2022-04-15 00:00:00,2513,iPhone|iPhone|Gekyume
2022-04-16 00:00:00,2904,iPhone|iPhone|Gekyume
2022-04-17 00:00:00,1827,iPhone|iPhone|Gekyume
2022-04-18 00:00:00,3910,iPhone|iPhone|Gekyume
2022-04-19 00:00:00,785,iPhone|iPhone|Gekyume
2022-04-20 00:00:00,1161,iPhone|iPhone|Gekyume
2022-04-21 00:00:00,3237,iPhone|iPhone|Gekyume
2022-04-22 00:00:00,9612,iPhone|iPhone|Gekyume
2022-04-23 00:00:00,3209,iPhone|iPhone|Gekyume
2022-04-24 00:00:00,1606,iPhone|iPhone|Gekyume
2022-04-25 00:00:00,4241,iPhone|iPhone|Gekyume
2022-04-26 00:00:00,7064,iPhone|iPhone|Gekyume
2022-04-27 00:00:00,4416,iPhone|iPhone|Gekyume
2022-04-28 00:00:00,5041,iPhone|iPhone|Gekyume
2022-04-29 00:00:00,9542,iPhone|iPhone|Gekyume
2022-04-30 00:00:00,6225,iPhone|iPhone|Gekyume
2022-05-01 00:00:00,2246,iPhone|iPhone|Gekyume
2022-05-02 00:00:00,2280,iPhone|iPhone|Gekyume
2022-05-03 00:00:00,1498,iPhone|iPhone|Gekyume
2022-05-04 00:00:00,4949,iPhone|iPhone|Gekyume
2022-05-05 00:00:00,10194,iPhone|iPhone|Gekyume
2022-05-06 00:00:00,5570,iPhone|iPhone|Gekyume
2022-05-07 00:00:00,1054,iPhone|iPhone|Gekyume
2022-05-08 00:00:00,1054,iPhone|iPhone|Gekyume
2022-05-09 00:00:00,11979,iPhone|iPhone|Gekyume
2022-05-10 00:00:00,4715,iPhone|iPhone|Gekyume
2022-05-11 00:00:00,13696,iPhone|iPhone|Gekyume
2022-05-12 00:00:00,4236,iPhone|iPhone|Gekyume
2022-05-13 00:00:00,4177,iPhone|iPhone|Gekyume
2022-05-14 00:00:00,2787,iPhone|iPhone|Gekyume
2022-05-15 00:00:00,4904,iPhone|iPhone|Gekyume
2022-05-16 00:00:00,6000,iPhone|iPhone|Gekyume
2022-05-17 00:00:00,5475,iPhone|iPhone|Gekyume
2022-05-18 00:00:00,9201,iPhone|iPhone|Gekyume
2022-05-19 00:00:00,7853,iPhone|iPhone|Gekyume
2022-05-20 00:00:00,5848,iPhone|iPhone|Gekyume
2022-05-21 00:00:00,2440,iPhone|iPhone|Gekyume
2022-05-22 00:00:00,732,iPhone|iPhone|Gekyume
2022-05-23 00:00:00,4406,iPhone|iPhone|Gekyume
2022-05-24 00:00:00,4974,iPhone|iPhone|Gekyume
2022-05-25 00:00:00,6616,iPhone|iPhone|Gekyume
2022-05-26 00:00:00,6734,iPhone|iPhone|Gekyume
2022-05-27 00:00:00,5739,iPhone|iPhone|Gekyume
2022-05-28 00:00:00,2824,iPhone|iPhone|Gekyume
2022-05-29 00:00:00,2350,iPhone|iPhone|Gekyume
2022-05-30 00:00:00,1335,iPhone|iPhone|Gekyume
2022-05-31 00:00:00,4782,iPhone|iPhone|Gekyume
2022-06-01 00:00:00,6320,iPhone|iPhone|Gekyume
2022-06-02 00:00:00,5379,iPhone|iPhone|Gekyume
2022-06-03 00:00:00,1187,iPhone|iPhone|Gekyume
2022-06-04 00:00:00,1704,iPhone|iPhone|Gekyume
2022-06-05 00:00:00,2294,iPhone|iPhone|Gekyume
2022-06-06 00:00:00,4898,iPhone|iPhone|Gekyume
2022-06-07 00:00:00,8647,iPhone|iPhone|Gekyume
2022-06-08 00:00:00,5040,iPhone|iPhone|Gekyume
2022-06-09 00:00:00,7053,iPhone|iPhone|Gekyume
2022-06-10 00:00:00,7998,iPhone|iPhone|Gekyume
2022-06-11 00:00:00,5053,iPhone|iPhone|Gekyume
2022-06-12 00:00:00,2641,iPhone|iPhone|Gekyume
2022-06-13 00:00:00,2171,iPhone|iPhone|Gekyume
2022-06-14 00:00:00,2519,iPhone|iPhone|Gekyume
2022-06-15 00:00:00,7055,iPhone|iPhone|Gekyume
2022-06-16 00:00:00,10428,iPhone|iPhone|Gekyume
2022-06-17 00:00:00,10139,iPhone|iPhone|Gekyume
2022-06-18 00:00:00,4124,iPhone|iPhone|Gekyume
2022-06-19 00:00:00,6797,iPhone|iPhone|Gekyume
2022-06-20 00:00:00,11990,iPhone|iPhone|Gekyume
2022-06-21 00:00:00,16962,iPhone|iPhone|Gekyume
2022-06-22 00:00:00,7965,iPhone|iPhone|Gekyume
2022-06-23 00:00:00,4735,iPhone|iPhone|Gekyume
2022-06-24 00:00:00,9330,iPhone|iPhone|Gekyume
2022-06-25 00:00:00,19653,iPhone|iPhone|Gekyume
2022-06-26 00:00:00,7295,iPhone|iPhone|Gekyume
2022-06-27 00:00:00,5265,iPhone|iPhone|Gekyume
2022-06-28 00:00:00,1389,iPhone|iPhone|Gekyume
2022-06-29 00:00:00,8051,iPhone|iPhone|Gekyume
2022-06-30 00:00:00,1778,iPhone|iPhone|Gekyume
2022-07-01 00:00:00,4218,iPhone|iPhone|Gekyume
2022-07-02 00:00:00,2922,iPhone|iPhone|Gekyume
2022-07-03 00:00:00,8202,iPhone|iPhone|Gekyume
2022-07-04 00:00:00,3807,iPhone|iPhone|Gekyume
2022-07-05 00:00:00,1151,iPhone|iPhone|Gekyume
2022-07-06 00:00:00,8083,iPhone|iPhone|Gekyume
2022-07-07 00:00:00,3491,iPhone|iPhone|Gekyume
2022-07-08 00:00:00,2694,iPhone|iPhone|Gekyume
2022-07-09 00:00:00,1597,iPhone|iPhone|Gekyume
2022-07-10 00:00:00,987,iPhone|iPhone|Gekyume
2022-07-11 00:00:00,1314,iPhone|iPhone|Gekyume
2022-07-12 00:00:00,2804,iPhone|iPhone|Gekyume
2022-07-13 00:00:00,1450,iPhone|iPhone|Gekyume
2022-07-14 00:00:00,3923,iPhone|iPhone|Gekyume
2022-07-15 00:00:00,1497,iPhone|iPhone|Gekyume
2022-07-16 00:00:00,3330,iPhone|iPhone|Gekyume
2022-07-17 00:00:00,3217,iPhone|iPhone|Gekyume
2022-07-18 00:00:00,2124,iPhone|iPhone|Gekyume
2022-07-19 00:00:00,1441,iPhone|iPhone|Gekyume
2022-07-20 00:00:00,2664,iPhone|iPhone|Gekyume
2022-07-21 00:00:00,2733,iPhone|iPhone|Gekyume
2022-07-22 00:00:00,1164,iPhone|iPhone|Gekyume
2022-07-23 00:00:00,222,iPhone|iPhone|Gekyume
2022-07-24 00:00:00,350,iPhone|iPhone|Gekyume
2022-07-25 00:00:00,862,iPhone|iPhone|Gekyume
2022-07-26 00:00:00,657,iPhone|iPhone|Gekyume
2022-07-27 00:00:00,1136,iPhone|iPhone|Gekyume
2022-07-28 00:00:00,949,iPhone|iPhone|Gekyume
2022-07-29 00:00:00,536.51,iPhone|iPhone|Gekyume
2022-07-30 00:00:00,4162,iPhone|iPhone|Gekyume
2022-07-31 00:00:00,3367,iPhone|iPhone|Gekyume
2022-08-01 00:00:00,2823,iPhone|iPhone|Gekyume
2022-08-02 00:00:00,1220,iPhone|iPhone|Gekyume
2022-08-03 00:00:00,5060,iPhone|iPhone|Gekyume
2022-08-04 00:00:00,521,iPhone|iPhone|Gekyume
2022-08-05 00:00:00,4022,iPhone|iPhone|Gekyume
2022-08-06 00:00:00,2153,iPhone|iPhone|Gekyume
2022-08-07 00:00:00,1741,iPhone|iPhone|Gekyume
2022-08-08 00:00:00,7697,iPhone|iPhone|Gekyume
2022-08-09 00:00:00,4273,iPhone|iPhone|Gekyume
2022-08-10 00:00:00,1207,iPhone|iPhone|Gekyume
2022-08-11 00:00:00,2461,iPhone|iPhone|Gekyume
2022-08-12 00:00:00,3319,iPhone|iPhone|Gekyume
2022-08-13 00:00:00,6387,iPhone|iPhone|Gekyume
2022-08-14 00:00:00,3621,iPhone|iPhone|Gekyume
2022-08-15 00:00:00,4045,iPhone|iPhone|Gekyume
2022-08-16 00:00:00,5437,iPhone|iPhone|Gekyume
2022-08-17 00:00:00,5320,iPhone|iPhone|Gekyume
2022-08-18 00:00:00,4942,iPhone|iPhone|Gekyume
2022-08-19 00:00:00,1820,iPhone|iPhone|Gekyume
2022-08-20 00:00:00,4803,iPhone|iPhone|Gekyume
2022-08-21 00:00:00,1314,iPhone|iPhone|Gekyume
2022-08-22 00:00:00,3126,iPhone|iPhone|Gekyume
2022-08-23 00:00:00,4289,iPhone|iPhone|Gekyume
2022-08-24 00:00:00,2650,iPhone|iPhone|Gekyume
2022-08-25 00:00:00,756,iPhone|iPhone|Gekyume
2022-08-26 00:00:00,3960,iPhone|iPhone|Gekyume
2022-08-27 00:00:00,5277,iPhone|iPhone|Gekyume
2022-08-28 00:00:00,2531,iPhone|iPhone|Gekyume
2022-08-29 00:00:00,6693,iPhone|iPhone|Gekyume
2022-08-30 00:00:00,11204,iPhone|iPhone|Gekyume
2022-08-31 00:00:00,5964,iPhone|iPhone|Gekyume
2022-09-01 00:00:00,6910,iPhone|iPhone|Gekyume
2022-09-02 00:00:00,6256,iPhone|iPhone|Gekyume
2022-09-03 00:00:00,13210,iPhone|iPhone|Gekyume
2022-09-04 00:00:00,1576,iPhone|iPhone|Gekyume
2022-09-05 00:00:00,1842,iPhone|iPhone|Gekyume
2022-09-06 00:00:00,5318,iPhone|iPhone|Gekyume
2022-09-07 00:00:00,6948,iPhone|iPhone|Gekyume
2022-09-08 00:00:00,5260,iPhone|iPhone|Gekyume
2022-09-09 00:00:00,6105,iPhone|iPhone|Gekyume
2022-09-10 00:00:00,5028,iPhone|iPhone|Gekyume
2022-09-11 00:00:00,812,iPhone|iPhone|Gekyume
2022-09-12 00:00:00,5482,iPhone|iPhone|Gekyume
2022-09-13 00:00:00,7921,iPhone|iPhone|Gekyume
2022-09-14 00:00:00,4827,iPhone|iPhone|Gekyume
2022-09-15 00:00:00,5438,iPhone|iPhone|Gekyume
2022-09-16 00:00:00,9384,iPhone|iPhone|Gekyume
2022-09-17 00:00:00,5570,iPhone|iPhone|Gekyume
2022-09-18 00:00:00,8632,iPhone|iPhone|Gekyume
2022-09-19 00:00:00,8381,iPhone|iPhone|Gekyume
2022-09-20 00:00:00,5271,iPhone|iPhone|Gekyume
2022-09-21 00:00:00,1386,iPhone|iPhone|Gekyume
2022-09-22 00:00:00,2229,iPhone|iPhone|Gekyume
2022-09-23 00:00:00,2083,iPhone|iPhone|Gekyume
2022-09-24 00:00:00,3004,iPhone|iPhone|Gekyume
2022-09-25 00:00:00,2748,iPhone|iPhone|Gekyume
2022-09-26 00:00:00,6546,iPhone|iPhone|Gekyume
2022-09-27 00:00:00,4467,iPhone|iPhone|Gekyume
2022-09-28 00:00:00,4941,iPhone|iPhone|Gekyume
2022-09-29 00:00:00,4679,iPhone|iPhone|Gekyume
2022-09-30 00:00:00,6853,iPhone|iPhone|Gekyume
2022-10-01 00:00:00,3980,iPhone|iPhone|Gekyume
2022-10-02 00:00:00,881,iPhone|iPhone|Gekyume
2022-10-03 00:00:00,4752,iPhone|iPhone|Gekyume
2022-10-04 00:00:00,5856,iPhone|iPhone|Gekyume
2022-10-05 00:00:00,4391,iPhone|iPhone|Gekyume
2022-10-06 00:00:00,5649,iPhone|iPhone|Gekyume
2022-10-07 00:00:00,7298,iPhone|iPhone|Gekyume
2022-10-08 00:00:00,1789,iPhone|iPhone|Gekyume
2022-10-09 00:00:00,1571,iPhone|iPhone|Gekyume
2022-10-10 00:00:00,7001,iPhone|iPhone|Gekyume
2022-10-11 00:00:00,5656,iPhone|iPhone|Gekyume
2022-10-12 00:00:00,4649,iPhone|iPhone|Gekyume
2022-10-13 00:00:00,4831,iPhone|iPhone|Gekyume
2022-10-14 00:00:00,8940,iPhone|iPhone|Gekyume
2022-10-15 00:00:00,619,iPhone|iPhone|Gekyume
2022-10-16 00:00:00,2578,iPhone|iPhone|Gekyume
2022-10-17 00:00:00,5253,iPhone|iPhone|Gekyume
2022-10-18 00:00:00,4691,iPhone|iPhone|Gekyume
2022-10-19 00:00:00,4485,iPhone|iPhone|Gekyume
2022-10-20 00:00:00,3999,iPhone|iPhone|Gekyume
2022-10-21 00:00:00,6856,iPhone|iPhone|Gekyume
2022-10-22 00:00:00,3186,iPhone|iPhone|Gekyume
2022-10-23 00:00:00,2463,iPhone|iPhone|Gekyume
2022-10-24 00:00:00,4724,iPhone|iPhone|Gekyume
2022-10-25 00:00:00,4847,iPhone|iPhone|Gekyume
2022-10-26 00:00:00,5289,iPhone|iPhone|Gekyume
2022-10-27 00:00:00,5555,iPhone|iPhone|Gekyume
2022-10-28 00:00:00,3824,iPhone|iPhone|Gekyume
2022-10-29 00:00:00,519,iPhone|iPhone|Gekyume
2022-10-30 00:00:00,533,iPhone|iPhone|Gekyume
2022-10-31 00:00:00,13621,iPhone|iPhone|Gekyume
2022-11-01 00:00:00,4273,iPhone|iPhone|Gekyume
2022-11-02 00:00:00,5899,iPhone|iPhone|Gekyume
2022-11-03 00:00:00,3972,iPhone|iPhone|Gekyume
2022-11-04 00:00:00,3314,iPhone|iPhone|Gekyume
2022-11-05 00:00:00,2508,iPhone|iPhone|Gekyume
2022-11-06 00:00:00,914,iPhone|iPhone|Gekyume
2022-11-07 00:00:00,5661,iPhone|iPhone|Gekyume
2022-11-08 00:00:00,497,iPhone|iPhone|Gekyume
2022-11-09 00:00:00,4914,iPhone|iPhone|Gekyume
2022-11-10 00:00:00,6633,iPhone|iPhone|Gekyume
2022-11-11 00:00:00,4327,iPhone|iPhone|Gekyume
2022-11-12 00:00:00,3244,iPhone|iPhone|Gekyume
2022-11-13 00:00:00,606,iPhone|iPhone|Gekyume
2022-11-14 00:00:00,6599,iPhone|iPhone|Gekyume
2022-11-15 00:00:00,4735,iPhone|iPhone|Gekyume
2022-11-16 00:00:00,3617,iPhone|iPhone|Gekyume
2022-11-17 00:00:00,3947,iPhone|iPhone|Gekyume
2022-11-18 00:00:00,4165,iPhone|iPhone|Gekyume
2022-11-19 00:00:00,2669,iPhone|iPhone|Gekyume
2022-11-20 00:00:00,642,iPhone|iPhone|Gekyume
2022-11-21 00:00:00,5254,iPhone|iPhone|Gekyume
2022-11-22 00:00:00,5041,iPhone|iPhone|Gekyume
2022-11-23 00:00:00,2292,iPhone|iPhone|Gekyume
2022-11-24 00:00:00,4234,iPhone|iPhone|Gekyume
2022-11-25 00:00:00,783,iPhone|iPhone|Gekyume
2022-11-26 00:00:00,2036,iPhone|iPhone|Gekyume
2022-11-27 00:00:00,1776,iPhone|iPhone|Gekyume
2022-11-28 00:00:00,5995,iPhone|iPhone|Gekyume
2022-11-29 00:00:00,7646,iPhone|iPhone|Gekyume
2022-11-30 00:00:00,4508,iPhone|iPhone|Gekyume
2022-12-01 00:00:00,7668,iPhone|iPhone|Gekyume
2022-12-02 00:00:00,4716,iPhone|iPhone|Gekyume
2022-12-03 00:00:00,3701,iPhone|iPhone|Gekyume
2022-12-04 00:00:00,2716,iPhone|iPhone|Gekyume
2022-12-05 00:00:00,5608,iPhone|iPhone|Gekyume
2022-12-06 00:00:00,5583,iPhone|iPhone|Gekyume
2022-12-07 00:00:00,2040,iPhone|iPhone|Gekyume
2022-12-08 00:00:00,7716,iPhone|iPhone|Gekyume
2022-12-09 00:00:00,4727,iPhone|iPhone|Gekyume
2022-12-10 00:00:00,373,iPhone|iPhone|Gekyume
2022-12-11 00:00:00,677,iPhone|iPhone|Gekyume
2022-12-12 00:00:00,5021,iPhone|iPhone|Gekyume
2022-12-13 00:00:00,5134,iPhone|iPhone|Gekyume
2022-12-14 00:00:00,6539,iPhone|iPhone|Gekyume
2022-12-15 00:00:00,5514,iPhone|iPhone|Gekyume
2022-12-16 00:00:00,4614,iPhone|iPhone|Gekyume
2022-12-17 00:00:00,571,iPhone|iPhone|Gekyume|kamron’s iphone
2022-12-18 00:00:00,960.89,iPhone|iPhone|Gekyume|kamron’s iphone
2022-12-19 00:00:00,4677,iPhone|iPhone|Gekyume|kamron’s iphone
2022-12-20 00:00:00,5010,iPhone|iPhone|Gekyume|kamron’s iphone
2022-12-21 00:00:00,5314,iPhone|iPhone|Gekyume|kamron’s iphone
2022-12-22 00:00:00,7230,iPhone|iPhone|Gekyume|kamron’s iphone
2022-12-23 00:00:00,1502,iPhone|iPhone|Gekyume|kamron’s iphone
2022-12-24 00:00:00,1558,iPhone|iPhone|Gekyume|kamron’s iphone
2022-12-25 00:00:00,1219,iPhone|iPhone|Gekyume|kamron’s iphone
2022-12-26 00:00:00,6983,iPhone|iPhone|Gekyume|kamron’s iphone
2022-12-27 00:00:00,2078,iPhone|iPhone|Gekyume|kamron’s iphone
2022-12-28 00:00:00,1557,iPhone|iPhone|Gekyume|kamron’s iphone
2022-12-29 00:00:00,1177,iPhone|iPhone|Gekyume|kamron’s iphone
2022-12-30 00:00:00,2874,iPhone|iPhone|Gekyume|kamron’s iphone
2022-12-31 00:00:00,2137,iPhone|iPhone|Gekyume|kamron’s iphone
2023-01-01 00:00:00,1737,iPhone|iPhone|Gekyume|kamron’s iphone
2023-01-02 00:00:00,3227,iPhone|iPhone|Gekyume|kamron’s iphone
2023-01-03 00:00:00,4410,iPhone|iPhone|Gekyume|kamron’s iphone
2023-01-04 00:00:00,5048,iPhone|iPhone|Gekyume|kamron’s iphone
2023-01-05 00:00:00,4713,iPhone|iPhone|Gekyume|kamron’s iphone
2023-01-06 00:00:00,6505,iPhone|iPhone|Gekyume|kamron’s iphone
2023-01-07 00:00:00,3576,iPhone|iPhone|Gekyume|kamron’s iphone
2023-01-08 00:00:00,662,iPhone|iPhone|Gekyume|kamron’s iphone
2023-01-09 00:00:00,4360,iPhone|iPhone|Gekyume|kamron’s iphone
2023-01-10 00:00:00,4582,iPhone|iPhone|Gekyume|kamron’s iphone
2023-01-11 00:00:00,6295,iPhone|iPhone|Gekyume|kamron’s iphone
2023-01-12 00:00:00,949,iPhone|iPhone|Gekyume|kamron’s iphone
2023-01-13 00:00:00,3831,iPhone|iPhone|Gekyume|kamron’s iphone
2023-01-14 00:00:00,664,iPhone|iPhone|Gekyume|kamron’s iphone
2023-01-15 00:00:00,538,iPhone|iPhone|Gekyume|kamron’s iphone
2023-01-16 00:00:00,2742,iPhone|iPhone|Gekyume|kamron’s iphone
2023-01-17 00:00:00,4406,iPhone|iPhone|Gekyume|kamron’s iphone
2023-01-18 00:00:00,7004,iPhone|iPhone|Gekyume|kamron’s iphone
2023-01-19 00:00:00,5108,iPhone|iPhone|Gekyume|kamron’s iphone
2023-01-20 00:00:00,6581,iPhone|iPhone|Gekyume|kamron’s iphone
2023-01-21 00:00:00,1608,iPhone|iPhone|Gekyume|kamron’s iphone
2023-01-22 00:00:00,792,iPhone|iPhone|Gekyume|kamron’s iphone
2023-01-23 00:00:00,4151,iPhone|iPhone|Gekyume|kamron’s iphone
2023-01-24 00:00:00,5354,iPhone|iPhone|Gekyume|kamron’s iphone
2023-01-25 00:00:00,4072,iPhone|iPhone|Gekyume|kamron’s iphone
2023-01-26 00:00:00,7115,iPhone|iPhone|Gekyume|kamron’s iphone
2023-01-27 00:00:00,5595,iPhone|iPhone|Gekyume|kamron’s iphone
2023-01-28 00:00:00,753,iPhone|iPhone|Gekyume|kamron’s iphone
2023-01-29 00:00:00,857,iPhone|iPhone|Gekyume|kamron’s iphone
2023-01-30 00:00:00,6153,iPhone|iPhone|Gekyume|kamron’s iphone
2023-01-31 00:00:00,4578,iPhone|iPhone|Gekyume|kamron’s iphone
2023-02-01 00:00:00,14017,iPhone|iPhone|Gekyume|kamron’s iphone
2023-02-02 00:00:00,4675,iPhone|iPhone|Gekyume|kamron’s iphone
2023-02-03 00:00:00,4281,iPhone|iPhone|Gekyume|kamron’s iphone
2023-02-04 00:00:00,777,iPhone|iPhone|Gekyume|kamron’s iphone
2023-02-05 00:00:00,1705,iPhone|iPhone|Gekyume|kamron’s iphone
2023-02-06 00:00:00,9396,iPhone|iPhone|Gekyume|kamron’s iphone
2023-02-07 00:00:00,4479,iPhone|iPhone|Gekyume|kamron’s iphone
2023-02-08 00:00:00,5158,iPhone|iPhone|Gekyume|kamron’s iphone
2023-02-09 00:00:00,12857,iPhone|iPhone|Gekyume|kamron’s iphone
2023-02-10 00:00:00,5909,iPhone|iPhone|Gekyume|kamron’s iphone
2023-02-11 00:00:00,5946,iPhone|iPhone|Gekyume|kamron’s iphone
2023-02-12 00:00:00,1332,iPhone|iPhone|Gekyume|kamron’s iphone
2023-02-13 00:00:00,5691,iPhone|iPhone|Gekyume|kamron’s iphone
2023-02-14 00:00:00,2368,iPhone|iPhone|Gekyume|kamron’s iphone
2023-02-15 00:00:00,7993,iPhone|iPhone|Gekyume|kamron’s iphone
2023-02-16 00:00:00,5221,iPhone|iPhone|Gekyume|kamron’s iphone
2023-02-17 00:00:00,15168,iPhone|iPhone|Gekyume|kamron’s iphone
2023-02-18 00:00:00,1090,iPhone|iPhone|Gekyume|kamron’s iphone
2023-02-19 00:00:00,5803,iPhone|iPhone|Gekyume|kamron’s iphone
2023-02-20 00:00:00,2526,iPhone|iPhone|Gekyume|kamron’s iphone
2023-02-21 00:00:00,5148,iPhone|iPhone|Gekyume|kamron’s iphone
2023-02-22 00:00:00,9341,iPhone|iPhone|Gekyume|kamron’s iphone
2023-02-23 00:00:00,5335,iPhone|iPhone|Gekyume|kamron’s iphone
2023-02-24 00:00:00,12547,iPhone|iPhone|Gekyume|kamron’s iphone
2023-02-25 00:00:00,10102,iPhone|iPhone|Gekyume|kamron’s iphone
2023-02-26 00:00:00,599,iPhone|iPhone|Gekyume|kamron’s iphone
2023-02-27 00:00:00,4421,iPhone|iPhone|Gekyume|kamron’s iphone
2023-02-28 00:00:00,8421,iPhone|iPhone|Gekyume|kamron’s iphone
2023-03-01 00:00:00,6318,iPhone|iPhone|Gekyume|kamron’s iphone
2023-03-02 00:00:00,4565,iPhone|iPhone|Gekyume|kamron’s iphone
2023-03-03 00:00:00,10590,iPhone|iPhone|Gekyume|kamron’s iphone
2023-03-04 00:00:00,8993,iPhone|iPhone|Gekyume|kamron’s iphone
2023-03-05 00:00:00,3114,iPhone|iPhone|Gekyume|kamron’s iphone
2023-03-06 00:00:00,4982,iPhone|iPhone|Gekyume|kamron’s iphone
2023-03-07 00:00:00,4200,iPhone|iPhone|Gekyume|kamron’s iphone
2023-03-08 00:00:00,9695,iPhone|iPhone|Gekyume|kamron’s iphone
2023-03-09 00:00:00,4416,iPhone|iPhone|Gekyume|kamron’s iphone
2023-03-10 00:00:00,12844,iPhone|iPhone|Gekyume|kamron’s iphone
2023-03-11 00:00:00,6297,iPhone|iPhone|Gekyume|kamron’s iphone
2023-03-12 00:00:00,1987,iPhone|iPhone|Gekyume|kamron’s iphone
2023-03-13 00:00:00,4109,iPhone|iPhone|Gekyume|kamron’s iphone
2023-03-14 00:00:00,7302,iPhone|iPhone|Gekyume|kamron’s iphone
2023-03-15 00:00:00,6739,iPhone|iPhone|Gekyume|kamron’s iphone
2023-03-16 00:00:00,12613,iPhone|iPhone|Gekyume|kamron’s iphone
2023-03-17 00:00:00,11307,iPhone|iPhone|Gekyume|kamron’s iphone
2023-03-18 00:00:00,1250,iPhone|iPhone|Gekyume|kamron’s iphone
2023-03-19 00:00:00,3976,iPhone|iPhone|Gekyume|kamron’s iphone
2023-03-20 00:00:00,4680,iPhone|iPhone|Gekyume|kamron’s iphone
2023-03-21 00:00:00,5869,iPhone|iPhone|Gekyume|kamron’s iphone
2023-03-22 00:00:00,13939,iPhone|iPhone|Gekyume|kamron’s iphone
2023-03-23 00:00:00,12285,iPhone|iPhone|Gekyume|kamron’s iphone
2023-03-24 00:00:00,10237,iPhone|iPhone|Gekyume|kamron’s iphone
2023-03-25 00:00:00,10836,iPhone|iPhone|Gekyume|kamron’s iphone
2023-03-26 00:00:00,9419,iPhone|iPhone|Gekyume|kamron’s iphone
2023-03-27 00:00:00,5438,iPhone|iPhone|Gekyume|kamron’s iphone
2023-03-28 00:00:00,7538,iPhone|iPhone|Gekyume|kamron’s iphone
2023-03-29 00:00:00,5093,iPhone|iPhone|Gekyume|kamron’s iphone
2023-03-30 00:00:00,6752,iPhone|iPhone|Gekyume|kamron’s iphone
2023-03-31 00:00:00,1719,iPhone|iPhone|Gekyume|kamron’s iphone
2023-04-01 00:00:00,971,iPhone|iPhone|Gekyume|kamron’s iphone
2023-04-02 00:00:00,2392,iPhone|iPhone|Gekyume|kamron’s iphone
2023-04-03 00:00:00,2552,iPhone|iPhone|Gekyume|kamron’s iphone
2023-04-04 00:00:00,1614,iPhone|iPhone|Gekyume|kamron’s iphone
2023-04-05 00:00:00,3424,iPhone|iPhone|Gekyume|kamron’s iphone
2023-04-06 00:00:00,1387,iPhone|iPhone|Gekyume|kamron’s iphone
2023-04-07 00:00:00,1443,iPhone|iPhone|Gekyume|kamron’s iphone
2023-04-08 00:00:00,2409,iPhone|iPhone|Gekyume|kamron’s iphone
2023-04-09 00:00:00,6887,iPhone|iPhone|Gekyume|kamron’s iphone
2023-04-10 00:00:00,4334,iPhone|iPhone|Gekyume|kamron’s iphone
2023-04-11 00:00:00,4779,iPhone|iPhone|Gekyume|kamron’s iphone
2023-04-12 00:00:00,5396,iPhone|iPhone|Gekyume|kamron’s iphone
2023-04-13 00:00:00,7757,iPhone|iPhone|Gekyume|kamron’s iphone
2023-04-14 00:00:00,10588,iPhone|iPhone|Gekyume|kamron’s iphone
2023-04-15 00:00:00,10565,iPhone|iPhone|Gekyume|kamron’s iphone
2023-04-16 00:00:00,1229,iPhone|iPhone|Gekyume|kamron’s iphone
2023-04-17 00:00:00,9315,iPhone|iPhone|Gekyume|kamron’s iphone
2023-04-18 00:00:00,4967,iPhone|iPhone|Gekyume|kamron’s iphone
2023-04-19 00:00:00,8196,iPhone|iPhone|Gekyume|kamron’s iphone
2023-04-20 00:00:00,5073,iPhone|iPhone|Gekyume|kamron’s iphone
2023-04-21 00:00:00,5133,iPhone|iPhone|Gekyume|kamron’s iphone
2023-04-22 00:00:00,1924,iPhone|iPhone|Gekyume|kamron’s iphone
2023-04-23 00:00:00,2279,iPhone|iPhone|Gekyume|kamron’s iphone
2023-04-24 00:00:00,4948,iPhone|iPhone|Gekyume|kamron’s iphone
2023-04-25 00:00:00,4747,iPhone|iPhone|Gekyume|kamron’s iphone
2023-04-26 00:00:00,5124,iPhone|iPhone|Gekyume|kamron’s iphone
2023-04-27 00:00:00,7011,iPhone|iPhone|Gekyume|kamron’s iphone
2023-04-28 00:00:00,1942,iPhone|iPhone|Gekyume|kamron’s iphone
2023-04-29 00:00:00,3468,iPhone|iPhone|Gekyume|kamron’s iphone
2023-04-30 00:00:00,2030,iPhone|iPhone|Gekyume|kamron’s iphone
2023-05-01 00:00:00,8723,iPhone|iPhone|Gekyume|kamron’s iphone
2023-05-02 00:00:00,5516,iPhone|iPhone|Gekyume|kamron’s iphone
2023-05-03 00:00:00,1880,iPhone|iPhone|Gekyume|kamron’s iphone
2023-05-04 00:00:00,5518,iPhone|iPhone|Gekyume|kamron’s iphone
2023-05-05 00:00:00,5050,iPhone|iPhone|Gekyume|kamron’s iphone
2023-05-06 00:00:00,2018,iPhone|iPhone|Gekyume|kamron’s iphone
2023-05-07 00:00:00,1940,iPhone|iPhone|Gekyume|kamron’s iphone
2023-05-08 00:00:00,6779,iPhone|iPhone|Gekyume|kamron’s iphone
2023-05-09 00:00:00,6438,iPhone|iPhone|Gekyume|kamron’s iphone
2023-05-10 00:00:00,4268,iPhone|iPhone|Gekyume|kamron’s iphone
2023-05-11 00:00:00,4591,iPhone|iPhone|Gekyume|kamron’s iphone
2023-05-12 00:00:00,7804,iPhone|iPhone|Gekyume|kamron’s iphone
2023-05-13 00:00:00,5234,iPhone|iPhone|Gekyume|kamron’s iphone
2023-05-14 00:00:00,3651,iPhone|iPhone|Gekyume|kamron’s iphone
2023-05-15 00:00:00,11664,iPhone|iPhone|Gekyume|kamron’s iphone
2023-05-16 00:00:00,12616,iPhone|iPhone|Gekyume|kamron’s iphone
2023-05-17 00:00:00,8031,iPhone|iPhone|Gekyume|kamron’s iphone
2023-05-18 00:00:00,6669,iPhone|iPhone|Gekyume|kamron’s iphone
2023-05-19 00:00:00,13664,iPhone|iPhone|Gekyume|kamron’s iphone
2023-05-20 00:00:00,4361,iPhone|iPhone|Gekyume|kamron’s iphone
2023-05-21 00:00:00,8854,iPhone|iPhone|Gekyume|kamron’s iphone
2023-05-22 00:00:00,3883,iPhone|iPhone|Gekyume|kamron’s iphone
2023-05-23 00:00:00,7704,iPhone|iPhone|Gekyume|kamron’s iphone
2023-05-24 00:00:00,5360,iPhone|iPhone|Gekyume|kamron’s iphone
2023-05-25 00:00:00,3008,iPhone|iPhone|Gekyume|kamron’s iphone
2023-05-26 00:00:00,8354,iPhone|iPhone|Gekyume|kamron’s iphone
2023-05-27 00:00:00,8724,iPhone|iPhone|Gekyume|kamron’s iphone
2023-05-28 00:00:00,3062,iPhone|iPhone|Gekyume|kamron’s iphone
2023-05-29 00:00:00,4663,iPhone|iPhone|Gekyume|kamron’s iphone
2023-05-30 00:00:00,5632,iPhone|iPhone|Gekyume|kamron’s iphone
2023-05-31 00:00:00,8409,iPhone|iPhone|Gekyume|kamron’s iphone
2023-06-01 00:00:00,11085,iPhone|iPhone|Gekyume|kamron’s iphone
2023-06-02 00:00:00,11400,iPhone|iPhone|Gekyume|kamron’s iphone
2023-06-03 00:00:00,1948,iPhone|iPhone|Gekyume|kamron’s iphone
2023-06-04 00:00:00,11220,iPhone|iPhone|Gekyume|kamron’s iphone
2023-06-05 00:00:00,9961,iPhone|iPhone|Gekyume|kamron’s iphone
2023-06-06 00:00:00,9810,iPhone|iPhone|Gekyume|kamron’s iphone
2023-06-07 00:00:00,554,iPhone|iPhone|Gekyume|kamron’s iphone
2023-06-08 00:00:00,10156,iPhone|iPhone|Gekyume|kamron’s iphone
2023-06-09 00:00:00,9190,iPhone|iPhone|Gekyume|kamron’s iphone
2023-06-10 00:00:00,14151,iPhone|iPhone|Gekyume|kamron’s iphone
2023-06-11 00:00:00,13329,iPhone|iPhone|Gekyume|kamron’s iphone
2023-06-12 00:00:00,7026,iPhone|iPhone|Gekyume|kamron’s iphone
2023-06-13 00:00:00,8236,iPhone|iPhone|Gekyume|kamron’s iphone
2023-06-14 00:00:00,7412,iPhone|iPhone|Gekyume|kamron’s iphone
2023-06-15 00:00:00,5233,iPhone|iPhone|Gekyume|kamron’s iphone
2023-06-16 00:00:00,942,iPhone|iPhone|Gekyume|kamron’s iphone
2023-06-17 00:00:00,1154,iPhone|iPhone|Gekyume|kamron’s iphone
2023-06-18 00:00:00,2276,iPhone|iPhone|Gekyume|kamron’s iphone
2023-06-19 00:00:00,10347,iPhone|iPhone|Gekyume|kamron’s iphone
2023-06-20 00:00:00,9242,iPhone|iPhone|Gekyume|kamron’s iphone
2023-06-21 00:00:00,345,iPhone|iPhone|Gekyume|kamron’s iphone
2023-06-22 00:00:00,514,iPhone|iPhone|Gekyume|kamron’s iphone
2023-06-23 00:00:00,2283,iPhone|iPhone|Gekyume|kamron’s iphone
2023-06-24 00:00:00,4675,iPhone|iPhone|Gekyume|kamron’s iphone
2023-06-25 00:00:00,2669,iPhone|iPhone|Gekyume|kamron’s iphone
2023-06-26 00:00:00,2401,iPhone|iPhone|Gekyume|kamron’s iphone
2023-06-27 00:00:00,3861,iPhone|iPhone|Gekyume|kamron’s iphone
2023-06-28 00:00:00,3125,iPhone|iPhone|Gekyume|kamron’s iphone
2023-06-29 00:00:00,4733,iPhone|iPhone|Gekyume|kamron’s iphone
2023-06-30 00:00:00,1475,iPhone|iPhone|Gekyume|kamron’s iphone
2023-07-01 00:00:00,5052,iPhone|iPhone|Gekyume|kamron’s iphone
2023-07-02 00:00:00,254,iPhone|iPhone|Gekyume|kamron’s iphone
2023-07-03 00:00:00,1901,iPhone|iPhone|Gekyume|kamron’s iphone
2023-07-04 00:00:00,2690,iPhone|iPhone|Gekyume|kamron’s iphone
2023-07-05 00:00:00,2241,iPhone|iPhone|Gekyume|kamron’s iphone
2023-07-06 00:00:00,1483,iPhone|iPhone|Gekyume|kamron’s iphone
2023-07-07 00:00:00,5467,iPhone|iPhone|Gekyume|kamron’s iphone
2023-07-08 00:00:00,2876,iPhone|iPhone|Gekyume|kamron’s iphone
2023-07-09 00:00:00,2429,iPhone|iPhone|Gekyume|kamron’s iphone
2023-07-10 00:00:00,3523,iPhone|iPhone|Gekyume|kamron’s iphone
2023-07-11 00:00:00,1659,iPhone|iPhone|Gekyume|kamron’s iphone
2023-07-12 00:00:00,2418,iPhone|iPhone|Gekyume|kamron’s iphone
2023-07-13 00:00:00,1358,iPhone|iPhone|Gekyume|kamron’s iphone
2023-07-14 00:00:00,4580,iPhone|iPhone|Gekyume|kamron’s iphone
2023-07-15 00:00:00,5857,iPhone|iPhone|Gekyume|kamron’s iphone
2023-07-16 00:00:00,3503,iPhone|iPhone|Gekyume|kamron’s iphone
2023-07-17 00:00:00,3247,iPhone|iPhone|Gekyume|kamron’s iphone
2023-07-18 00:00:00,5847,iPhone|iPhone|Gekyume|kamron’s iphone
2023-07-19 00:00:00,4420,iPhone|iPhone|Gekyume|kamron’s iphone
2023-07-20 00:00:00,5437,iPhone|iPhone|Gekyume|kamron’s iphone
2023-07-21 00:00:00,3792,iPhone|iPhone|Gekyume|kamron’s iphone
2023-07-22 00:00:00,4332,iPhone|iPhone|Gekyume|kamron’s iphone
2023-07-23 00:00:00,15325,iPhone|iPhone|Gekyume|kamron’s iphone
2023-07-24 00:00:00,8704,iPhone|iPhone|Gekyume|kamron’s iphone
2023-07-25 00:00:00,1971,iPhone|iPhone|Gekyume|kamron’s iphone
2023-07-26 00:00:00,2605,iPhone|iPhone|Gekyume|kamron’s iphone
2023-07-27 00:00:00,1826,iPhone|iPhone|Gekyume|kamron’s iphone
2023-07-28 00:00:00,9708,iPhone|iPhone|Gekyume|kamron’s iphone
2023-07-29 00:00:00,2877,iPhone|iPhone|Gekyume|kamron’s iphone
2023-07-30 00:00:00,2588,iPhone|iPhone|Gekyume|kamron’s iphone
2023-07-31 00:00:00,9659,iPhone|iPhone|Gekyume|kamron’s iphone
2023-08-01 00:00:00,2579,iPhone|iPhone|Gekyume|kamron’s iphone
2023-08-02 00:00:00,2328,iPhone|iPhone|Gekyume|kamron’s iphone
2023-08-03 00:00:00,2357,iPhone|iPhone|Gekyume|kamron’s iphone
2023-08-04 00:00:00,1375,iPhone|iPhone|Gekyume|kamron’s iphone
2023-08-05 00:00:00,10158,iPhone|iPhone|Gekyume|kamron’s iphone
2023-08-06 00:00:00,1415,iPhone|iPhone|Gekyume|kamron’s iphone
2023-08-07 00:00:00,3032,iPhone|iPhone|Gekyume|kamron’s iphone
2023-08-08 00:00:00,3430,iPhone|iPhone|Gekyume|kamron’s iphone
2023-08-09 00:00:00,3174,iPhone|iPhone|Gekyume|kamron’s iphone
2023-08-10 00:00:00,2211,iPhone|iPhone|Gekyume|kamron’s iphone
2023-08-11 00:00:00,2444,iPhone|iPhone|Gekyume|kamron’s iphone
2023-08-12 00:00:00,2044,iPhone|iPhone|Gekyume|kamron’s iphone
2023-08-13 00:00:00,1911,iPhone|iPhone|Gekyume|kamron’s iphone
2023-08-14 00:00:00,1081,iPhone|iPhone|Gekyume|kamron’s iphone
2023-08-15 00:00:00,4210,iPhone|iPhone|Gekyume|kamron’s iphone
2023-08-16 00:00:00,2402,iPhone|iPhone|Gekyume|kamron’s iphone
2023-08-17 00:00:00,4274,iPhone|iPhone|Gekyume|kamron’s iphone
2023-08-18 00:00:00,1621,iPhone|iPhone|Gekyume|kamron’s iphone
2023-08-19 00:00:00,1530,iPhone|iPhone|Gekyume|kamron’s iphone
2023-08-20 00:00:00,1640,iPhone|iPhone|Gekyume|kamron’s iphone
2023-08-21 00:00:00,1164,iPhone|iPhone|Gekyume|kamron’s iphone
2023-08-22 00:00:00,2086,iPhone|iPhone|Gekyume|kamron’s iphone
2023-08-23 00:00:00,2987,iPhone|iPhone|Gekyume|kamron’s iphone
2023-08-24 00:00:00,2148,iPhone|iPhone|Gekyume|kamron’s iphone
2023-08-25 00:00:00,700,iPhone|iPhone|Gekyume|kamron’s iphone
2023-08-26 00:00:00,14542,iPhone|iPhone|Gekyume|kamron’s iphone
2023-08-27 00:00:00,11431,iPhone|iPhone|Gekyume|kamron’s iphone
2023-08-28 00:00:00,21798,iPhone|iPhone|Gekyume|kamron’s iphone
2023-08-29 00:00:00,12875,iPhone|iPhone|Gekyume|kamron’s iphone
2023-08-30 00:00:00,10257,iPhone|iPhone|Gekyume|kamron’s iphone
2023-08-31 00:00:00,12337,iPhone|iPhone|Gekyume|kamron’s iphone
2023-09-01 00:00:00,15454,iPhone|iPhone|Gekyume|kamron’s iphone
2023-09-02 00:00:00,11677,iPhone|iPhone|Gekyume|kamron’s iphone
2023-09-03 00:00:00,8212,iPhone|iPhone|Gekyume|kamron’s iphone
2023-09-04 00:00:00,5942,iPhone|iPhone|Gekyume|kamron’s iphone
2023-09-05 00:00:00,10495,iPhone|iPhone|Gekyume|kamron’s iphone
2023-09-06 00:00:00,15708,iPhone|iPhone|Gekyume|kamron’s iphone
2023-09-07 00:00:00,12690,iPhone|iPhone|Gekyume|kamron’s iphone
2023-09-08 00:00:00,13698,iPhone|iPhone|Gekyume|kamron’s iphone
2023-09-09 00:00:00,4789,iPhone|iPhone|Gekyume|kamron’s iphone
2023-09-10 00:00:00,5712,iPhone|iPhone|Gekyume|kamron’s iphone
2023-09-11 00:00:00,10061,iPhone|iPhone|Gekyume|kamron’s iphone
2023-09-12 00:00:00,11095,iPhone|iPhone|Gekyume|kamron’s iphone
2023-09-13 00:00:00,9181,iPhone|iPhone|Gekyume|kamron’s iphone
2023-09-14 00:00:00,9405,iPhone|iPhone|Gekyume|kamron’s iphone
2023-09-15 00:00:00,11368,iPhone|iPhone|Gekyume|kamron’s iphone
2023-09-16 00:00:00,2055,iPhone|iPhone|Gekyume|kamron’s iphone
2023-09-17 00:00:00,5660,iPhone|iPhone|Gekyume|kamron’s iphone
2023-09-18 00:00:00,7845,iPhone|iPhone|Gekyume|kamron’s iphone
2023-09-19 00:00:00,8606,iPhone|iPhone|Gekyume|kamron’s iphone
2023-09-20 00:00:00,10005,iPhone|iPhone|Gekyume|kamron’s iphone
2023-09-21 00:00:00,11274,iPhone|iPhone|Gekyume|kamron’s iphone
2023-09-22 00:00:00,10196,iPhone|iPhone|Gekyume|kamron’s iphone
2023-09-23 00:00:00,9542,iPhone|iPhone|Gekyume|kamron’s iphone
2023-09-24 00:00:00,3639,iPhone|iPhone|Gekyume|kamron’s iphone
2023-09-25 00:00:00,8004,iPhone|iPhone|Gekyume|kamron’s iphone
2023-09-26 00:00:00,8420,iPhone|iPhone|Gekyume|kamron’s iphone
2023-09-27 00:00:00,10068,iPhone|iPhone|Gekyume|kamron’s iphone
2023-09-28 00:00:00,9903,iPhone|iPhone|Gekyume|kamron’s iphone
2023-09-29 00:00:00,7401,iPhone|iPhone|Gekyume|kamron’s iphone
2023-09-30 00:00:00,2904,iPhone|iPhone|Gekyume|kamron’s iphone
2023-10-01 00:00:00,3153,iPhone|iPhone|Gekyume|kamron’s iphone
2023-10-02 00:00:00,8117,iPhone|iPhone|Gekyume|kamron’s iphone
2023-10-03 00:00:00,11271,iPhone|iPhone|Gekyume|kamron’s iphone
2023-10-04 00:00:00,11876,iPhone|iPhone|Gekyume|kamron’s iphone
2023-10-05 00:00:00,9840,iPhone|iPhone|Gekyume|kamron’s iphone
2023-10-06 00:00:00,9765,iPhone|iPhone|Gekyume|kamron’s iphone
2023-10-07 00:00:00,5812,iPhone|iPhone|Gekyume|kamron’s iphone
2023-10-08 00:00:00,9994,iPhone|iPhone|Gekyume|kamron’s iphone
2023-10-09 00:00:00,7676,iPhone|iPhone|Gekyume|kamron’s iphone
2023-10-10 00:00:00,9174,iPhone|iPhone|Gekyume|kamron’s iphone
2023-10-11 00:00:00,10637,iPhone|iPhone|Gekyume|kamron’s iphone
2023-10-12 00:00:00,9156,iPhone|iPhone|Gekyume|kamron’s iphone
2023-10-13 00:00:00,8686,iPhone|iPhone|Gekyume|kamron’s iphone
2023-10-14 00:00:00,7712,iPhone|iPhone|Gekyume|kamron’s iphone
2023-10-15 00:00:00,5199,iPhone|iPhone|Gekyume|kamron’s iphone
2023-10-16 00:00:00,8717,iPhone|iPhone|Gekyume|kamron’s iphone
2023-10-17 00:00:00,9108,iPhone|iPhone|Gekyume|kamron’s iphone
2023-10-18 00:00:00,13400,iPhone|iPhone|Gekyume|kamron’s iphone
2023-10-19 00:00:00,8309,iPhone|iPhone|Gekyume|kamron’s iphone
2023-10-20 00:00:00,6998,iPhone|iPhone|Gekyume|kamron’s iphone
2023-10-21 00:00:00,5959,iPhone|iPhone|Gekyume|kamron’s iphone
2023-10-22 00:00:00,4802,iPhone|iPhone|Gekyume|kamron’s iphone
2023-10-23 00:00:00,10833,iPhone|iPhone|Gekyume|kamron’s iphone
2023-10-24 00:00:00,8024,iPhone|iPhone|Gekyume|kamron’s iphone
2023-10-25 00:00:00,8918,iPhone|iPhone|Gekyume|kamron’s iphone
2023-10-26 00:00:00,9803,iPhone|iPhone|Gekyume|kamron’s iphone
2023-10-27 00:00:00,8662,iPhone|iPhone|Gekyume|kamron’s iphone
2023-10-28 00:00:00,6558,iPhone|iPhone|Gekyume|kamron’s iphone
2023-10-29 00:00:00,5758,iPhone|iPhone|Gekyume|kamron’s iphone
2023-10-30 00:00:00,7538,iPhone|iPhone|Gekyume|kamron’s iphone
2023-10-31 00:00:00,9773,iPhone|iPhone|Gekyume|kamron’s iphone
2023-11-01 00:00:00,8254,iPhone|iPhone|Gekyume|kamron’s iphone
2023-11-02 00:00:00,7789,iPhone|iPhone|Gekyume|kamron’s iphone
2023-11-03 00:00:00,8848,iPhone|iPhone|Gekyume|kamron’s iphone
2023-11-04 00:00:00,7499,iPhone|iPhone|Gekyume|kamron’s iphone
2023-11-05 00:00:00,3347,iPhone|iPhone|Gekyume|kamron’s iphone
2023-11-06 00:00:00,8997,iPhone|iPhone|Gekyume|kamron’s iphone
2023-11-07 00:00:00,14010,iPhone|iPhone|Gekyume|kamron’s iphone
2023-11-08 00:00:00,8629,iPhone|iPhone|Gekyume|kamron’s iphone
2023-11-09 00:00:00,8659,iPhone|iPhone|Gekyume|kamron’s iphone
2023-11-10 00:00:00,3161,iPhone|iPhone|Gekyume|kamron’s iphone
2023-11-11 00:00:00,804.8,iPhone|iPhone|Gekyume|kamron’s iphone
2023-11-12 00:00:00,2608,iPhone|iPhone|Gekyume|kamron’s iphone
2023-11-13 00:00:00,9349,iPhone|iPhone|Gekyume|kamron’s iphone
2023-11-14 00:00:00,8856,iPhone|iPhone|Gekyume|kamron’s iphone
2023-11-15 00:00:00,6225,iPhone|iPhone|Gekyume|kamron’s iphone
2023-11-16 00:00:00,6674,iPhone|iPhone|Gekyume|kamron’s iphone
2023-11-17 00:00:00,8080,iPhone|iPhone|Gekyume|kamron’s iphone
2023-11-18 00:00:00,2292,iPhone|iPhone|Gekyume|kamron’s iphone
2023-11-19 00:00:00,2218,iPhone|iPhone|Gekyume|kamron’s iphone
2023-11-20 00:00:00,3486,iPhone|iPhone|Gekyume|kamron’s iphone
2023-11-21 00:00:00,7802,iPhone|iPhone|Gekyume|kamron’s iphone
2023-11-22 00:00:00,2058,iPhone|iPhone|Gekyume|kamron’s iphone
2023-11-23 00:00:00,1523,iPhone|iPhone|Gekyume|kamron’s iphone
2023-11-24 00:00:00,1514,iPhone|iPhone|Gekyume|kamron’s iphone
2023-11-25 00:00:00,2817,iPhone|iPhone|Gekyume|kamron’s iphone
2023-11-26 00:00:00,3201,iPhone|iPhone|Gekyume|kamron’s iphone
2023-11-27 00:00:00,7935,iPhone|iPhone|Gekyume|kamron’s iphone
2023-11-28 00:00:00,9694,iPhone|iPhone|Gekyume|kamron’s iphone
2023-11-29 00:00:00,8203,iPhone|iPhone|Gekyume|kamron’s iphone
2023-11-30 00:00:00,6304,iPhone|iPhone|Gekyume|kamron’s iphone
2023-12-01 00:00:00,6850,iPhone|iPhone|Gekyume|kamron’s iphone
2023-12-02 00:00:00,4736,iPhone|iPhone|Gekyume|kamron’s iphone
2023-12-03 00:00:00,3434,iPhone|iPhone|Gekyume|kamron’s iphone
2023-12-04 00:00:00,6225,iPhone|iPhone|Gekyume|kamron’s iphone
2023-12-05 00:00:00,8146,iPhone|iPhone|Gekyume|kamron’s iphone
2023-12-06 00:00:00,3821,iPhone|iPhone|Gekyume|kamron’s iphone
2023-12-07 00:00:00,8433,iPhone|iPhone|Gekyume|kamron’s iphone
2023-12-08 00:00:00,7684,iPhone|iPhone|Gekyume|kamron’s iphone
2023-12-09 00:00:00,5734,iPhone|iPhone|Gekyume|kamron’s iphone
2023-12-10 00:00:00,5268,iPhone|iPhone|Gekyume|kamron’s iphone
2023-12-11 00:00:00,5590,iPhone|iPhone|Gekyume|kamron’s iphone
2023-12-12 00:00:00,5500,iPhone|iPhone|Gekyume|kamron’s iphone
2023-12-13 00:00:00,4687,iPhone|iPhone|Gekyume|kamron’s iphone
2023-12-14 00:00:00,8519,iPhone|iPhone|Gekyume|kamron’s iphone
2023-12-15 00:00:00,5536,iPhone|iPhone|Gekyume|kamron’s iphone
2023-12-16 00:00:00,2745,iPhone|iPhone|Gekyume|kamron’s iphone
2023-12-17 00:00:00,2741,iPhone|iPhone|Gekyume|kamron’s iphone
2023-12-18 00:00:00,8107,iPhone|iPhone|Gekyume|kamron’s iphone
2023-12-19 00:00:00,3117,iPhone|iPhone|Gekyume|kamron’s iphone
2023-12-20 00:00:00,1010,iPhone|iPhone|Gekyume|kamron’s iphone
2023-12-21 00:00:00,1508,iPhone|iPhone|Gekyume|kamron’s iphone
2023-12-22 00:00:00,1960,iPhone|iPhone|Gekyume|kamron’s iphone
2023-12-23 00:00:00,1706,iPhone|iPhone|Gekyume|kamron’s iphone
2023-12-24 00:00:00,2383,iPhone|iPhone|Gekyume|kamron’s iphone
2023-12-25 00:00:00,2700,iPhone|iPhone|Gekyume|kamron’s iphone
2023-12-26 00:00:00,1212,iPhone|iPhone|Gekyume|kamron’s iphone
2023-12-27 00:00:00,5262,iPhone|iPhone|Gekyume|kamron’s iphone
2023-12-28 00:00:00,5050,iPhone|iPhone|Gekyume|kamron’s iphone
2023-12-29 00:00:00,1823,iPhone|iPhone|Gekyume|kamron’s iphone
2023-12-30 00:00:00,384,iPhone|iPhone|Gekyume|kamron’s iphone
2023-12-31 00:00:00,3631,iPhone|iPhone|Gekyume|kamron’s iphone
2024-01-01 00:00:00,1289,iPhone|iPhone|Gekyume|kamron’s iphone
2024-01-02 00:00:00,3854,iPhone|iPhone|Gekyume|kamron’s iphone
2024-01-03 00:00:00,2918,iPhone|iPhone|Gekyume|kamron’s iphone
2024-01-04 00:00:00,4530,iPhone|iPhone|Gekyume|kamron’s iphone
2024-01-05 00:00:00,1554,iPhone|iPhone|Gekyume|kamron’s iphone
2024-01-06 00:00:00,469,iPhone|iPhone|Gekyume|kamron’s iphone
2024-01-07 00:00:00,4528,iPhone|iPhone|Gekyume|kamron’s iphone
2024-01-08 00:00:00,3878,iPhone|iPhone|Gekyume|kamron’s iphone
2024-01-09 00:00:00,1739,iPhone|iPhone|Gekyume|kamron’s iphone
2024-01-10 00:00:00,1750,iPhone|iPhone|Gekyume|kamron’s iphone
2024-01-11 00:00:00,942,iPhone|iPhone|Gekyume|kamron’s iphone
2024-01-12 00:00:00,2439,iPhone|iPhone|Gekyume|kamron’s iphone
2024-01-13 00:00:00,2223,iPhone|iPhone|Gekyume|kamron’s iphone
2024-01-14 00:00:00,1035,iPhone|iPhone|Gekyume|kamron’s iphone
2024-01-15 00:00:00,2024,iPhone|iPhone|Gekyume|kamron’s iphone
2024-01-16 00:00:00,1188,iPhone|iPhone|Gekyume|kamron’s iphone
2024-01-17 00:00:00,1273,iPhone|iPhone|Gekyume|kamron’s iphone
2024-01-18 00:00:00,1952,iPhone|iPhone|Gekyume|kamron’s iphone
2024-01-19 00:00:00,898,iPhone|iPhone|Gekyume|kamron’s iphone
2024-01-20 00:00:00,976,iPhone|iPhone|Gekyume|kamron’s iphone
2024-01-21 00:00:00,2531,iPhone|iPhone|Gekyume|kamron’s iphone
2024-01-22 00:00:00,2702,iPhone|iPhone|Gekyume|kamron’s iphone
2024-01-23 00:00:00,2865,iPhone|iPhone|Gekyume|kamron’s iphone
2024-01-24 00:00:00,1765,iPhone|iPhone|Gekyume|kamron’s iphone
2024-01-25 00:00:00,667,iPhone|iPhone|Gekyume|kamron’s iphone
2024-01-26 00:00:00,2058,iPhone|iPhone|Gekyume|kamron’s iphone
2024-01-27 00:00:00,2372,iPhone|iPhone|Gekyume|kamron’s iphone
2024-01-28 00:00:00,4277,iPhone|iPhone|Gekyume|kamron’s iphone
2024-01-29 00:00:00,9040,iPhone|iPhone|Gekyume|kamron’s iphone
2024-01-30 00:00:00,5189,iPhone|iPhone|Gekyume|kamron’s iphone
2024-01-31 00:00:00,7455,iPhone|iPhone|Gekyume|kamron’s iphone
2024-02-01 00:00:00,7280,iPhone|iPhone|Gekyume|kamron’s iphone
2024-02-02 00:00:00,12381,iPhone|iPhone|Gekyume|kamron’s iphone
2024-02-03 00:00:00,4807,iPhone|iPhone|Gekyume|kamron’s iphone
2024-02-04 00:00:00,7345,iPhone|iPhone|Gekyume|kamron’s iphone
2024-02-05 00:00:00,10546,iPhone|iPhone|Gekyume|kamron’s iphone
2024-02-06 00:00:00,10483,iPhone|iPhone|Gekyume|kamron’s iphone
2024-02-07 00:00:00,10100,iPhone|iPhone|Gekyume|kamron’s iphone
2024-02-08 00:00:00,6949,iPhone|iPhone|Gekyume|kamron’s iphone
2024-02-09 00:00:00,10793,iPhone|iPhone|Gekyume|kamron’s iphone
2024-02-10 00:00:00,3840,iPhone|iPhone|Gekyume|kamron’s iphone
2024-02-11 00:00:00,9683,iPhone|iPhone|Gekyume|kamron’s iphone
2024-02-12 00:00:00,12424,iPhone|iPhone|Gekyume|kamron’s iphone
2024-02-13 00:00:00,10572,iPhone|iPhone|Gekyume|kamron’s iphone
2024-02-14 00:00:00,12019,iPhone|iPhone|Gekyume|kamron’s iphone
2024-02-15 00:00:00,7570,iPhone|iPhone|Gekyume|kamron’s iphone
2024-02-16 00:00:00,8948,iPhone|iPhone|Gekyume|kamron’s iphone
2024-02-17 00:00:00,965,iPhone|iPhone|Gekyume|kamron’s iphone
2024-02-18 00:00:00,3727,iPhone|iPhone|Gekyume|kamron’s iphone
2024-02-19 00:00:00,10965,iPhone|iPhone|Gekyume|kamron’s iphone
2024-02-20 00:00:00,10929,iPhone|iPhone|Gekyume|kamron’s iphone
2024-02-21 00:00:00,6406,iPhone|iPhone|Gekyume|kamron’s iphone
2024-02-22 00:00:00,6936,iPhone|iPhone|Gekyume|kamron’s iphone
2024-02-23 00:00:00,6129,iPhone|iPhone|Gekyume|kamron’s iphone
2024-02-24 00:00:00,6435,iPhone|iPhone|Gekyume|kamron’s iphone
2024-02-25 00:00:00,5381,iPhone|iPhone|Gekyume|kamron’s iphone
2024-02-26 00:00:00,9145,iPhone|iPhone|Gekyume|kamron’s iphone
2024-02-27 00:00:00,16279,iPhone|iPhone|Gekyume|kamron’s iphone
2024-02-28 00:00:00,8112,iPhone|iPhone|Gekyume|kamron’s iphone
2024-02-29 00:00:00,8261,iPhone|iPhone|Gekyume|kamron’s iphone
2024-03-01 00:00:00,8360,iPhone|iPhone|Gekyume|kamron’s iphone
2024-03-02 00:00:00,3918,iPhone|iPhone|Gekyume|kamron’s iphone
2024-03-03 00:00:00,4829,iPhone|iPhone|Gekyume|kamron’s iphone
2024-03-04 00:00:00,9271,iPhone|iPhone|Gekyume|kamron’s iphone
2024-03-05 00:00:00,9780,iPhone|iPhone|Gekyume|kamron’s iphone
2024-03-06 00:00:00,6013,iPhone|iPhone|Gekyume|kamron’s iphone
2024-03-07 00:00:00,7370,iPhone|iPhone|Gekyume|kamron’s iphone
2024-03-08 00:00:00,4478,iPhone|iPhone|Gekyume|kamron’s iphone
2024-03-09 00:00:00,6477,iPhone|iPhone|Gekyume|kamron’s iphone
2024-03-10 00:00:00,4788,iPhone|iPhone|Gekyume|kamron’s iphone
2024-03-11 00:00:00,12173,iPhone|iPhone|Gekyume|kamron’s iphone
2024-03-12 00:00:00,11003,iPhone|iPhone|Gekyume|kamron’s iphone
2024-03-13 00:00:00,11388,iPhone|iPhone|Gekyume|kamron’s iphone
2024-03-14 00:00:00,7603,iPhone|iPhone|Gekyume|kamron’s iphone
2024-03-15 00:00:00,6883,iPhone|iPhone|Gekyume|kamron’s iphone
2024-03-16 00:00:00,3464,iPhone|iPhone|Gekyume|kamron’s iphone
2024-03-17 00:00:00,2839,iPhone|iPhone|Gekyume|kamron’s iphone
2024-03-18 00:00:00,1280,iPhone|iPhone|Gekyume|kamron’s iphone
2024-03-19 00:00:00,2830,iPhone|iPhone|Gekyume|kamron’s iphone
2024-03-20 00:00:00,2267,iPhone|iPhone|Gekyume|kamron’s iphone
2024-03-21 00:00:00,1726,iPhone|iPhone|Gekyume|kamron’s iphone
2024-03-22 00:00:00,1231,iPhone|iPhone|Gekyume|kamron’s iphone
2024-03-23 00:00:00,2247,iPhone|iPhone|Gekyume|kamron’s iphone
2024-03-24 00:00:00,4823,iPhone|iPhone|Gekyume|kamron’s iphone
2024-03-25 00:00:00,9998,iPhone|iPhone|Gekyume|kamron’s iphone
2024-03-26 00:00:00,10704,iPhone|iPhone|Gekyume|kamron’s iphone
2024-03-27 00:00:00,11828,iPhone|iPhone|Gekyume|kamron’s iphone
2024-03-28 00:00:00,5583,iPhone|iPhone|Gekyume|kamron’s iphone
2024-03-29 00:00:00,9712,iPhone|iPhone|Gekyume|kamron’s iphone
2024-03-30 00:00:00,9849,iPhone|iPhone|Gekyume|kamron’s iphone
2024-03-31 00:00:00,7365,iPhone|iPhone|Gekyume|kamron’s iphone
2024-04-01 00:00:00,9387,iPhone|iPhone|Gekyume|kamron’s iphone
2024-04-02 00:00:00,13630,iPhone|iPhone|Gekyume|kamron’s iphone
2024-04-03 00:00:00,7948,iPhone|iPhone|Gekyume|kamron’s iphone
2024-04-04 00:00:00,6716,iPhone|iPhone|Gekyume|kamron’s iphone
2024-04-05 00:00:00,10159,iPhone|iPhone|Gekyume|kamron’s iphone
2024-04-06 00:00:00,4199,iPhone|iPhone|Gekyume|kamron’s iphone
2024-04-07 00:00:00,5934,iPhone|iPhone|Gekyume|kamron’s iphone
2024-04-08 00:00:00,11555,iPhone|iPhone|Gekyume|kamron’s iphone
2024-04-09 00:00:00,10706,iPhone|iPhone|Gekyume|kamron’s iphone
2024-04-10 00:00:00,6473,iPhone|iPhone|Gekyume|kamron’s iphone
2024-04-11 00:00:00,10071,iPhone|iPhone|Gekyume|kamron’s iphone
2024-04-12 00:00:00,6624,iPhone|iPhone|Gekyume|kamron’s iphone
2024-04-13 00:00:00,8055,iPhone|iPhone|Gekyume|kamron’s iphone
2024-04-14 00:00:00,6750,iPhone|iPhone|Gekyume|kamron’s iphone
2024-04-15 00:00:00,13210,iPhone|iPhone|Gekyume|kamron’s iphone
2024-04-16 00:00:00,9636,iPhone|iPhone|Gekyume|kamron’s iphone
2024-04-17 00:00:00,10404,iPhone|iPhone|Gekyume|kamron’s iphone
2024-04-18 00:00:00,8477,iPhone|iPhone|Gekyume|kamron’s iphone
2024-04-19 00:00:00,8336,iPhone|iPhone|Gekyume|kamron’s iphone
2024-04-20 00:00:00,9325,iPhone|iPhone|Gekyume|kamron’s iphone
2024-04-21 00:00:00,7308,iPhone|iPhone|Gekyume|kamron’s iphone
2024-04-22 00:00:00,11167,iPhone|iPhone|Gekyume|kamron’s iphone
2024-04-23 00:00:00,9495,iPhone|iPhone|Gekyume|kamron’s iphone
2024-04-24 00:00:00,7295,iPhone|iPhone|Gekyume|kamron’s iphone
2024-04-25 00:00:00,8815,iPhone|iPhone|Gekyume|kamron’s iphone
2024-04-26 00:00:00,3652,iPhone|iPhone|Gekyume|kamron’s iphone
2024-04-27 00:00:00,2977,iPhone|iPhone|Gekyume|kamron’s iphone
2024-04-28 00:00:00,3671,iPhone|iPhone|Gekyume|kamron’s iphone
2024-04-29 00:00:00,5255,iPhone|iPhone|Gekyume|kamron’s iphone
2024-04-30 00:00:00,6642,iPhone|iPhone|Gekyume|kamron’s iphone
2024-05-01 00:00:00,7147,iPhone|iPhone|Gekyume|kamron’s iphone
2024-05-02 00:00:00,4512,iPhone|iPhone|Gekyume|kamron’s iphone
2024-05-03 00:00:00,6204,iPhone|iPhone|Gekyume|kamron’s iphone
2024-05-04 00:00:00,3766,iPhone|iPhone|Gekyume|kamron’s iphone
2024-05-05 00:00:00,4107,iPhone|iPhone|Gekyume|kamron’s iphone
2024-05-06 00:00:00,10200,iPhone|iPhone|Gekyume|kamron’s iphone
2024-05-07 00:00:00,10503,iPhone|iPhone|Gekyume|kamron’s iphone
2024-05-08 00:00:00,8878,iPhone|iPhone|Gekyume|kamron’s iphone
2024-05-09 00:00:00,7400,iPhone|iPhone|Gekyume|kamron’s iphone
2024-05-10 00:00:00,7776,iPhone|iPhone|Gekyume|kamron’s iphone
2024-05-11 00:00:00,6254,iPhone|iPhone|Gekyume|kamron’s iphone
2024-05-12 00:00:00,4752,iPhone|iPhone|Gekyume|kamron’s iphone
2024-05-13 00:00:00,10788,iPhone|iPhone|Gekyume|kamron’s iphone
2024-05-14 00:00:00,5764,iPhone|iPhone|Gekyume|kamron’s iphone
2024-05-15 00:00:00,4968,iPhone|iPhone|Gekyume|kamron’s iphone
2024-05-16 00:00:00,8017,iPhone|iPhone|Gekyume|kamron’s iphone
2024-05-17 00:00:00,8637,iPhone|iPhone|Gekyume|kamron’s iphone
2024-05-18 00:00:00,6029,iPhone|iPhone|Gekyume|kamron’s iphone
2024-05-19 00:00:00,12516,iPhone|iPhone|Gekyume|kamron’s iphone
2024-05-20 00:00:00,3346,iPhone|iPhone|Gekyume|kamron’s iphone
2024-05-21 00:00:00,3729,iPhone|iPhone|Gekyume|kamron’s iphone
2024-05-22 00:00:00,3214,iPhone|iPhone|Gekyume|kamron’s iphone
2024-05-23 00:00:00,3025,iPhone|iPhone|Gekyume|kamron’s iphone
2024-05-24 00:00:00,1947,iPhone|iPhone|Gekyume|kamron’s iphone
2024-05-25 00:00:00,18862,iPhone|iPhone|Gekyume|kamron’s iphone
2024-05-26 00:00:00,12297,iPhone|iPhone|Gekyume|kamron’s iphone
2024-05-27 00:00:00,7809,iPhone|iPhone|Gekyume|kamron’s iphone
2024-05-28 00:00:00,3170,iPhone|iPhone|Gekyume|kamron’s iphone
2024-05-29 00:00:00,2692,iPhone|iPhone|Gekyume|kamron’s iphone
2024-05-30 00:00:00,2462,iPhone|iPhone|Gekyume|kamron’s iphone
2024-05-31 00:00:00,6517,iPhone|iPhone|Gekyume|kamron’s iphone
2024-06-01 00:00:00,2247,iPhone|iPhone|Gekyume|kamron’s iphone
2024-06-02 00:00:00,2688,iPhone|iPhone|Gekyume|kamron’s iphone
2024-06-03 00:00:00,4415,iPhone|iPhone|Gekyume|kamron’s iphone
2024-06-04 00:00:00,2535,iPhone|iPhone|Gekyume|kamron’s iphone
2024-06-05 00:00:00,4174,iPhone|iPhone|Gekyume|kamron’s iphone
2024-06-06 00:00:00,2803,iPhone|iPhone|Gekyume|kamron’s iphone
2024-06-07 00:00:00,3594,iPhone|iPhone|Gekyume|kamron’s iphone
2024-06-08 00:00:00,16205,iPhone|iPhone|Gekyume|kamron’s iphone
2024-06-09 00:00:00,12329,iPhone|iPhone|Gekyume|kamron’s iphone
2024-06-10 00:00:00,17618,iPhone|iPhone|Gekyume|kamron’s iphone
2024-06-11 00:00:00,8506,iPhone|iPhone|Gekyume|kamron’s iphone
2024-06-12 00:00:00,15674,iPhone|iPhone|Gekyume|kamron’s iphone
2024-06-13 00:00:00,3448,iPhone|iPhone|Gekyume|kamron’s iphone
2024-06-14 00:00:00,1586,iPhone|iPhone|Gekyume|kamron’s iphone
2024-06-15 00:00:00,5485,iPhone|iPhone|Gekyume|kamron’s iphone
2024-06-16 00:00:00,888,iPhone|iPhone|Gekyume|kamron’s iphone
2024-06-17 00:00:00,5760,iPhone|iPhone|Gekyume|kamron’s iphone
2024-06-18 00:00:00,12385,iPhone|iPhone|Gekyume|kamron’s iphone
2024-06-19 00:00:00,6973,iPhone|iPhone|Gekyume|kamron’s iphone
2024-06-20 00:00:00,10167,iPhone|iPhone|Gekyume|kamron’s iphone
2024-06-21 00:00:00,8597,iPhone|iPhone|Gekyume|kamron’s iphone
2024-06-22 00:00:00,1569,iPhone|iPhone|Gekyume|kamron’s iphone
2024-06-23 00:00:00,6245,iPhone|iPhone|Gekyume|kamron’s iphone
2024-06-24 00:00:00,11574,iPhone|iPhone|Gekyume|kamron’s iphone
2024-06-25 00:00:00,3367,iPhone|iPhone|Gekyume|kamron’s iphone
2024-06-26 00:00:00,4807,iPhone|iPhone|Gekyume|kamron’s iphone
2024-06-27 00:00:00,8471,iPhone|iPhone|Gekyume|kamron’s iphone
2024-06-28 00:00:00,5611,iPhone|iPhone|Gekyume|kamron’s iphone
2024-06-29 00:00:00,3484,iPhone|iPhone|Gekyume|kamron’s iphone
2024-06-30 00:00:00,3619,iPhone|iPhone|Gekyume|kamron’s iphone
2024-07-01 00:00:00,8770,iPhone|iPhone|Gekyume|kamron’s iphone
2024-07-02 00:00:00,3604,iPhone|iPhone|Gekyume|kamron’s iphone
2024-07-03 00:00:00,8090,iPhone|iPhone|Gekyume|kamron’s iphone
2024-07-04 00:00:00,944,iPhone|iPhone|Gekyume|kamron’s iphone
2024-07-05 00:00:00,6012,iPhone|iPhone|Gekyume|kamron’s iphone
2024-07-06 00:00:00,5845,iPhone|iPhone|Gekyume|kamron’s iphone
2024-07-07 00:00:00,3924,iPhone|iPhone|Gekyume|kamron’s iphone
2024-07-08 00:00:00,4407,iPhone|iPhone|Gekyume|kamron’s iphone
2024-07-09 00:00:00,2530,iPhone|iPhone|Gekyume|kamron’s iphone
2024-07-10 00:00:00,3433,iPhone|iPhone|Gekyume|kamron’s iphone
2024-07-11 00:00:00,4107,iPhone|iPhone|Gekyume|kamron’s iphone
2024-07-12 00:00:00,4813,iPhone|iPhone|Gekyume|kamron’s iphone
2024-07-13 00:00:00,8578,iPhone|iPhone|Gekyume|kamron’s iphone
2024-07-14 00:00:00,4472,iPhone|iPhone|Gekyume|kamron’s iphone
2024-07-15 00:00:00,6184,iPhone|iPhone|Gekyume|kamron’s iphone
2024-07-16 00:00:00,5043,iPhone|iPhone|Gekyume|kamron’s iphone
2024-07-17 00:00:00,2649,iPhone|iPhone|Gekyume|kamron’s iphone
2024-07-18 00:00:00,1145,iPhone|iPhone|Gekyume|kamron’s iphone
2024-07-19 00:00:00,6705,iPhone|iPhone|Gekyume|kamron’s iphone
2024-07-20 00:00:00,2468,iPhone|iPhone|Gekyume|kamron’s iphone
2024-07-21 00:00:00,3306,iPhone|iPhone|Gekyume|kamron’s iphone
2024-07-22 00:00:00,7568,iPhone|iPhone|Gekyume|kamron’s iphone
2024-07-23 00:00:00,6827,iPhone|iPhone|Gekyume|kamron’s iphone
2024-07-24 00:00:00,4589,iPhone|iPhone|Gekyume|kamron’s iphone
2024-07-25 00:00:00,2700,iPhone|iPhone|Gekyume|kamron’s iphone
2024-07-26 00:00:00,6869,iPhone|iPhone|Gekyume|kamron’s iphone
2024-07-27 00:00:00,3618,iPhone|iPhone|Gekyume|kamron’s iphone
2024-07-28 00:00:00,8497,iPhone|iPhone|Gekyume|kamron’s iphone
2024-07-29 00:00:00,5357,iPhone|iPhone|Gekyume|kamron’s iphone
2024-07-30 00:00:00,4594,iPhone|iPhone|Gekyume|kamron’s iphone
2024-07-31 00:00:00,5942,iPhone|iPhone|Gekyume|kamron’s iphone
2024-08-01 00:00:00,1181,iPhone|iPhone|Gekyume|kamron’s iphone
2024-08-02 00:00:00,6010,iPhone|iPhone|Gekyume|kamron’s iphone
2024-08-03 00:00:00,6840,iPhone|iPhone|Gekyume|kamron’s iphone
2024-08-04 00:00:00,3071,iPhone|iPhone|Gekyume|kamron’s iphone
2024-08-05 00:00:00,7358,iPhone|iPhone|Gekyume|kamron’s iphone
2024-08-06 00:00:00,2755,iPhone|iPhone|Gekyume|kamron’s iphone
2024-08-07 00:00:00,3388,iPhone|iPhone|Gekyume|kamron’s iphone
2024-08-08 00:00:00,5313,iPhone|iPhone|Gekyume|kamron’s iphone
2024-08-09 00:00:00,2589,iPhone|iPhone|Gekyume|kamron’s iphone
2024-08-10 00:00:00,1069,iPhone|iPhone|Gekyume|kamron’s iphone
2024-08-11 00:00:00,10704,iPhone|iPhone|Gekyume|kamron’s iphone
2024-08-12 00:00:00,4328,iPhone|iPhone|Gekyume|kamron’s iphone
2024-08-13 00:00:00,10788,iPhone|iPhone|Gekyume|kamron’s iphone
2024-08-14 00:00:00,3064,iPhone|iPhone|Gekyume|kamron’s iphone
2024-08-15 00:00:00,2936,iPhone|iPhone|Gekyume|kamron’s iphone
2024-08-16 00:00:00,2683,iPhone|iPhone|Gekyume|kamron’s iphone
2024-08-17 00:00:00,10231,iPhone|iPhone|Gekyume|kamron’s iphone
2024-08-18 00:00:00,1132,iPhone|iPhone|Gekyume|kamron’s iphone
2024-08-19 00:00:00,4284,iPhone|iPhone|Gekyume|kamron’s iphone
2024-08-20 00:00:00,6596,iPhone|iPhone|Gekyume|kamron’s iphone
2024-08-21 00:00:00,4393,iPhone|iPhone|Gekyume|kamron’s iphone
2024-08-22 00:00:00,6233,iPhone|iPhone|Gekyume|kamron’s iphone
2024-08-23 00:00:00,5764,iPhone|iPhone|Gekyume|kamron’s iphone
2024-08-24 00:00:00,2555,iPhone|iPhone|Gekyume|kamron’s iphone
2024-08-25 00:00:00,2390,iPhone|iPhone|Gekyume|kamron’s iphone
2024-08-26 00:00:00,11888,iPhone|iPhone|Gekyume|kamron’s iphone
2024-08-27 00:00:00,8495,iPhone|iPhone|Gekyume|kamron’s iphone
2024-08-28 00:00:00,10685,iPhone|iPhone|Gekyume|kamron’s iphone
2024-08-29 00:00:00,5578,iPhone|iPhone|Gekyume|kamron’s iphone
2024-08-30 00:00:00,7557,iPhone|iPhone|Gekyume|kamron’s iphone
2024-08-31 00:00:00,6181,iPhone|iPhone|Gekyume|kamron’s iphone
2024-09-01 00:00:00,9196,iPhone|iPhone|Gekyume|kamron’s iphone
2024-09-02 00:00:00,2970,iPhone|iPhone|Gekyume|kamron’s iphone
2024-09-03 00:00:00,9606,iPhone|iPhone|Gekyume|kamron’s iphone
2024-09-04 00:00:00,12546,iPhone|iPhone|Gekyume|kamron’s iphone
2024-09-05 00:00:00,6851,iPhone|iPhone|Gekyume|kamron’s iphone
2024-09-06 00:00:00,4527,iPhone|iPhone|Gekyume|kamron’s iphone
2024-09-07 00:00:00,8158,iPhone|iPhone|Gekyume|kamron’s iphone
2024-09-08 00:00:00,5560,iPhone|iPhone|Gekyume|kamron’s iphone
2024-09-09 00:00:00,13969,iPhone|iPhone|Gekyume|kamron’s iphone
2024-09-10 00:00:00,9787,iPhone|iPhone|Gekyume|kamron’s iphone
2024-09-11 00:00:00,8985,iPhone|iPhone|Gekyume|kamron’s iphone
2024-09-12 00:00:00,7881,iPhone|iPhone|Gekyume|kamron’s iphone
2024-09-13 00:00:00,7378,iPhone|iPhone|Gekyume|kamron’s iphone
2024-09-14 00:00:00,7037,iPhone|iPhone|Gekyume|kamron’s iphone
2024-09-15 00:00:00,3311,iPhone|iPhone|Gekyume|kamron’s iphone
2024-09-16 00:00:00,10452,iPhone|iPhone|Gekyume|kamron’s iphone
2024-09-17 00:00:00,6191,iPhone|iPhone|Gekyume|kamron’s iphone
2024-09-18 00:00:00,5971,iPhone|iPhone|Gekyume|kamron’s iphone
2024-09-19 00:00:00,8930,iPhone|iPhone|Gekyume|kamron’s iphone
2024-09-20 00:00:00,3761,iPhone|iPhone|Gekyume|kamron’s iphone
2024-09-21 00:00:00,14222,iPhone|iPhone|Gekyume|kamron’s iphone
2024-09-22 00:00:00,8001,iPhone|iPhone|Gekyume|kamron’s iphone
2024-09-23 00:00:00,11220,iPhone|iPhone|Gekyume|kamron’s iphone
2024-09-24 00:00:00,7136,iPhone|iPhone|Gekyume|kamron’s iphone
2024-09-25 00:00:00,4912,iPhone|iPhone|Gekyume|kamron’s iphone
2024-09-26 00:00:00,6916,iPhone|iPhone|Gekyume|kamron’s iphone
2024-09-27 00:00:00,6436,iPhone|iPhone|Gekyume|kamron’s iphone
2024-09-28 00:00:00,4301,iPhone|iPhone|Gekyume|kamron’s iphone
2024-09-29 00:00:00,5636,iPhone|iPhone|Gekyume|kamron’s iphone
2024-09-30 00:00:00,9372,iPhone|iPhone|Gekyume|kamron’s iphone
2024-10-01 00:00:00,7133,iPhone|iPhone|Gekyume|kamron’s iphone
2024-10-02 00:00:00,8150,iPhone|iPhone|Gekyume|kamron’s iphone
2024-10-03 00:00:00,4942,iPhone|iPhone|Gekyume|kamron’s iphone
2024-10-04 00:00:00,3374,iPhone|iPhone|Gekyume|kamron’s iphone
2024-10-05 00:00:00,1979,iPhone|iPhone|Gekyume|kamron’s iphone
2024-10-06 00:00:00,3598,iPhone|iPhone|Gekyume|kamron’s iphone
2024-10-07 00:00:00,5718,iPhone|iPhone|Gekyume|kamron’s iphone
2024-10-08 00:00:00,4737,iPhone|iPhone|Gekyume|kamron’s iphone
2024-10-09 00:00:00,5534,iPhone|iPhone|Gekyume|kamron’s iphone
2024-10-10 00:00:00,6701,iPhone|iPhone|Gekyume|kamron’s iphone
2024-10-11 00:00:00,5645,iPhone|iPhone|Gekyume|kamron’s iphone
2024-10-12 00:00:00,1846,iPhone|iPhone|Gekyume|kamron’s iphone
2024-10-13 00:00:00,4052,iPhone|iPhone|Gekyume|kamron’s iphone
2024-10-14 00:00:00,5674,iPhone|iPhone|Gekyume|kamron’s iphone
2024-10-15 00:00:00,6207,iPhone|iPhone|Gekyume|kamron’s iphone
2024-10-16 00:00:00,5829,iPhone|iPhone|Gekyume|kamron’s iphone
2024-10-17 00:00:00,4922,iPhone|iPhone|Gekyume|kamron’s iphone
2024-10-18 00:00:00,3732,iPhone|iPhone|Gekyume|kamron’s iphone
2024-10-19 00:00:00,1445,iPhone|iPhone|Gekyume|kamron’s iphone
2024-10-20 00:00:00,3221,iPhone|iPhone|Gekyume|kamron’s iphone
2024-10-21 00:00:00,6769,iPhone|iPhone|Gekyume|kamron’s iphone
2024-10-22 00:00:00,8302,iPhone|iPhone|Gekyume|kamron’s iphone
2024-10-23 00:00:00,7861,iPhone|iPhone|Gekyume|kamron’s iphone
2024-10-24 00:00:00,6166,iPhone|iPhone|Gekyume|kamron’s iphone
2024-10-25 00:00:00,1454,iPhone|iPhone|Gekyume|kamron’s iphone
2024-10-26 00:00:00,3321,iPhone|iPhone|Gekyume|kamron’s iphone
2024-10-27 00:00:00,6832,iPhone|iPhone|Gekyume|kamron’s iphone
2024-10-28 00:00:00,8760,iPhone|iPhone|Gekyume|kamron’s iphone
2024-10-29 00:00:00,5562,iPhone|iPhone|Gekyume|kamron’s iphone
2024-10-30 00:00:00,4210,iPhone|iPhone|Gekyume|kamron’s iphone
2024-10-31 00:00:00,5695,iPhone|iPhone|Gekyume|kamron’s iphone
2024-11-01 00:00:00,3082,iPhone|iPhone|Gekyume|kamron’s iphone
2024-11-02 00:00:00,4673,iPhone|iPhone|Gekyume|kamron’s iphone
2024-11-03 00:00:00,5400,iPhone|iPhone|Gekyume|kamron’s iphone
2024-11-04 00:00:00,8533,iPhone|iPhone|Gekyume|kamron’s iphone
2024-11-05 00:00:00,6410,iPhone|iPhone|Gekyume|kamron’s iphone
2024-11-06 00:00:00,5610,iPhone|iPhone|Gekyume|kamron’s iphone
2024-11-07 00:00:00,5887,iPhone|iPhone|Gekyume|kamron’s iphone
2024-11-08 00:00:00,5747,iPhone|iPhone|Gekyume|kamron’s iphone
2024-11-09 00:00:00,2373,iPhone|iPhone|Gekyume|kamron’s iphone
2024-11-10 00:00:00,3815,iPhone|iPhone|Gekyume|kamron’s iphone
2024-11-11 00:00:00,7291,iPhone|iPhone|Gekyume|kamron’s iphone
2024-11-12 00:00:00,7560,iPhone|iPhone|Gekyume|kamron’s iphone
2024-11-13 00:00:00,7056,iPhone|iPhone|Gekyume|kamron’s iphone
2024-11-14 00:00:00,7845,iPhone|iPhone|Gekyume|kamron’s iphone
2024-11-15 00:00:00,5854,iPhone|iPhone|Gekyume|kamron’s iphone
2024-11-16 00:00:00,5444,iPhone|iPhone|Gekyume|kamron’s iphone
2024-11-17 00:00:00,3656,iPhone|iPhone|Gekyume|kamron’s iphone
2024-11-18 00:00:00,8168,iPhone|iPhone|Gekyume|kamron’s iphone
2024-11-19 00:00:00,5999,iPhone|iPhone|Gekyume|kamron’s iphone
2024-11-20 00:00:00,8767,iPhone|iPhone|Gekyume|kamron’s iphone
2024-11-21 00:00:00,7111,iPhone|iPhone|Gekyume|kamron’s iphone
2024-11-22 00:00:00,2990,iPhone|iPhone|Gekyume|kamron’s iphone
2024-11-23 00:00:00,8205,iPhone|iPhone|Gekyume|kamron’s iphone
2024-11-24 00:00:00,9571,iPhone|iPhone|Gekyume|kamron’s iphone
2024-11-25 00:00:00,7395,iPhone|iPhone|Gekyume|kamron’s iphone
2024-11-26 00:00:00,4704,iPhone|iPhone|Gekyume|kamron’s iphone
2024-11-27 00:00:00,3565,iPhone|iPhone|Gekyume|kamron’s iphone
2024-11-28 00:00:00,10604,iPhone|iPhone|Gekyume|kamron’s iphone
2024-11-29 00:00:00,7764,iPhone|iPhone|Gekyume|kamron’s iphone
2024-11-30 00:00:00,5387,iPhone|iPhone|Gekyume|kamron’s iphone
2024-12-01 00:00:00,1383,iPhone|iPhone|Gekyume|kamron’s iphone
2024-12-02 00:00:00,9362,iPhone|iPhone|Gekyume|kamron’s iphone
2024-12-03 00:00:00,7126,iPhone|iPhone|Gekyume|kamron’s iphone
2024-12-04 00:00:00,5053,iPhone|iPhone|Gekyume|kamron’s iphone
2024-12-05 00:00:00,6094,iPhone|iPhone|Gekyume|kamron’s iphone
2024-12-06 00:00:00,5613,iPhone|iPhone|Gekyume|kamron’s iphone
2024-12-07 00:00:00,7470,iPhone|iPhone|Gekyume|kamron’s iphone
2024-12-08 00:00:00,4903,iPhone|iPhone|Gekyume|kamron’s iphone
2024-12-09 00:00:00,10224,iPhone|iPhone|Gekyume|kamron’s iphone
2024-12-10 00:00:00,4417,iPhone|iPhone|Gekyume|kamron’s iphone
2024-12-11 00:00:00,5356,iPhone|iPhone|Gekyume|kamron’s iphone
2024-12-12 00:00:00,4593,iPhone|iPhone|Gekyume|kamron’s iphone
2024-12-13 00:00:00,3299,iPhone|iPhone|Gekyume|kamron’s iphone
2024-12-14 00:00:00,6965,iPhone|iPhone|Gekyume|kamron’s iphone
2024-12-15 00:00:00,3063,iPhone|iPhone|Gekyume|kamron’s iphone
2024-12-16 00:00:00,5577,iPhone|iPhone|Gekyume|kamron’s iphone
2024-12-17 00:00:00,6158,iPhone|iPhone|Gekyume|kamron’s iphone
2024-12-18 00:00:00,4549,iPhone|iPhone|Gekyume|kamron’s iphone
2024-12-19 00:00:00,2849,iPhone|iPhone|Gekyume|kamron’s iphone
2024-12-20 00:00:00,1598,iPhone|iPhone|Gekyume|kamron’s iphone
2024-12-21 00:00:00,10671,iPhone|iPhone|Gekyume|kamron’s iphone
2024-12-22 00:00:00,5839,iPhone|iPhone|Gekyume|kamron’s iphone
2024-12-23 00:00:00,1923,iPhone|iPhone|Gekyume|kamron’s iphone
2024-12-24 00:00:00,795,iPhone|iPhone|Gekyume|kamron’s iphone
2024-12-25 00:00:00,3367,iPhone|iPhone|Gekyume|kamron’s iphone
2024-12-26 00:00:00,608,iPhone|iPhone|Gekyume|kamron’s iphone
2024-12-27 00:00:00,3007,iPhone|iPhone|Gekyume|kamron’s iphone
2024-12-28 00:00:00,1402,iPhone|iPhone|Gekyume|kamron’s iphone
2024-12-29 00:00:00,1726,iPhone|iPhone|Gekyume|kamron’s iphone
2024-12-30 00:00:00,4605,iPhone|iPhone|Gekyume|kamron’s iphone
2024-12-31 00:00:00,9813,iPhone|iPhone|Gekyume|kamron’s iphone
2025-01-01 00:00:00,8465,iPhone|iPhone|Gekyume|kamron’s iphone
2025-01-02 00:00:00,4115,iPhone|iPhone|Gekyume|kamron’s iphone
2025-01-03 00:00:00,1919,iPhone|iPhone|Gekyume|kamron’s iphone
2025-01-04 00:00:00,1082,iPhone|iPhone|Gekyume|kamron’s iphone
2025-01-05 00:00:00,1737,iPhone|iPhone|Gekyume|kamron’s iphone
2025-01-06 00:00:00,2220,iPhone|iPhone|Gekyume|kamron’s iphone
2025-01-07 00:00:00,1025,iPhone|iPhone|Gekyume|kamron’s iphone
2025-01-08 00:00:00,975,iPhone|iPhone|Gekyume|kamron’s iphone
2025-01-09 00:00:00,6363,iPhone|iPhone|Gekyume|kamron’s iphone
2025-01-10 00:00:00,1242,iPhone|iPhone|Gekyume|kamron’s iphone
2025-01-11 00:00:00,4742,iPhone|iPhone|Gekyume|kamron’s iphone
2025-01-12 00:00:00,1443,iPhone|iPhone|Gekyume|kamron’s iphone
2025-01-13 00:00:00,11431,iPhone|iPhone|Gekyume|kamron’s iphone
2025-01-14 00:00:00,9123,iPhone|iPhone|Gekyume|kamron’s iphone
2025-01-15 00:00:00,2105,iPhone|iPhone|Gekyume|kamron’s iphone
2025-01-16 00:00:00,2974,iPhone|iPhone|Gekyume|kamron’s iphone
2025-01-17 00:00:00,1594,iPhone|iPhone|Gekyume|kamron’s iphone
2025-01-18 00:00:00,1225,iPhone|iPhone|Gekyume|kamron’s iphone
2025-01-19 00:00:00,1051,iPhone|iPhone|Gekyume|kamron’s iphone
2025-01-20 00:00:00,1050,iPhone|iPhone|Gekyume|kamron’s iphone
2025-01-21 00:00:00,2331,iPhone|iPhone|Gekyume|kamron’s iphone
2025-01-22 00:00:00,1603,iPhone|iPhone|Gekyume|kamron’s iphone
2025-01-23 00:00:00,2436,iPhone|iPhone|Gekyume|kamron’s iphone
2025-01-24 00:00:00,3367,iPhone|iPhone|Gekyume|kamron’s iphone
2025-01-25 00:00:00,2117,iPhone|iPhone|Gekyume|kamron’s iphone
2025-01-26 00:00:00,3526,iPhone|iPhone|Gekyume|kamron’s iphone
2025-01-27 00:00:00,9411,iPhone|iPhone|Gekyume|kamron’s iphone
2025-01-28 00:00:00,8215,iPhone|iPhone|Gekyume|kamron’s iphone
2025-01-29 00:00:00,9133,iPhone|iPhone|Gekyume|kamron’s iphone
2025-01-30 00:00:00,7679,iPhone|iPhone|Gekyume|kamron’s iphone
2025-01-31 00:00:00,6827,iPhone|iPhone|Gekyume|kamron’s iphone
2025-02-01 00:00:00,2768,iPhone|iPhone|Gekyume|kamron’s iphone
2025-02-02 00:00:00,3491,iPhone|iPhone|Gekyume|kamron’s iphone
2025-02-03 00:00:00,9973,iPhone|iPhone|Gekyume|kamron’s iphone
2025-02-04 00:00:00,10381,iPhone|iPhone|Gekyume|kamron’s iphone
2025-02-05 00:00:00,8982,iPhone|iPhone|Gekyume|kamron’s iphone
2025-02-06 00:00:00,5440,iPhone|iPhone|Gekyume|kamron’s iphone
2025-02-07 00:00:00,4001,iPhone|iPhone|Gekyume|kamron’s iphone
2025-02-08 00:00:00,2162,iPhone|iPhone|Gekyume|kamron’s iphone
2025-02-09 00:00:00,2913,iPhone|iPhone|Gekyume|kamron’s iphone
2025-02-10 00:00:00,9847,iPhone|iPhone|Gekyume|kamron’s iphone
2025-02-11 00:00:00,6545,iPhone|iPhone|Gekyume|kamron’s iphone
2025-02-12 00:00:00,8489,iPhone|iPhone|Gekyume|kamron’s iphone
2025-02-13 00:00:00,7947,iPhone|iPhone|Gekyume|kamron’s iphone
2025-02-14 00:00:00,7045,iPhone|iPhone|Gekyume|kamron’s iphone
2025-02-15 00:00:00,6439,iPhone|iPhone|Gekyume|kamron’s iphone
2025-02-16 00:00:00,7896,iPhone|iPhone|Gekyume|kamron’s iphone
2025-02-17 00:00:00,10147,iPhone|iPhone|Gekyume|kamron’s iphone
2025-02-18 00:00:00,8862,iPhone|iPhone|Gekyume|kamron’s iphone
2025-02-19 00:00:00,6778,iPhone|iPhone|Gekyume|kamron’s iphone
2025-02-20 00:00:00,7715,iPhone|iPhone|Gekyume|kamron’s iphone
2025-02-21 00:00:00,5318,iPhone|iPhone|Gekyume|kamron’s iphone
2025-02-22 00:00:00,11752,iPhone|iPhone|Gekyume|kamron’s iphone
2025-02-23 00:00:00,5940,iPhone|iPhone|Gekyume|kamron’s iphone
2025-02-24 00:00:00,7458,iPhone|iPhone|Gekyume|kamron’s iphone
2025-02-25 00:00:00,8805,iPhone|iPhone|Gekyume|kamron’s iphone
2025-02-26 00:00:00,9924,iPhone|iPhone|Gekyume|kamron’s iphone
2025-02-27 00:00:00,5058,iPhone|iPhone|Gekyume|kamron’s iphone
2025-02-28 00:00:00,6710,iPhone|iPhone|Gekyume|kamron’s iphone
2025-03-01 00:00:00,3187,iPhone|iPhone|Gekyume|kamron’s iphone
2025-03-02 00:00:00,3258,iPhone|iPhone|Gekyume|kamron’s iphone
2025-03-03 00:00:00,10609,iPhone|iPhone|Gekyume|kamron’s iphone
2025-03-04 00:00:00,8382,iPhone|iPhone|Gekyume|kamron’s iphone
2025-03-05 00:00:00,8151,iPhone|iPhone|Gekyume|kamron’s iphone
2025-03-06 00:00:00,7512,iPhone|iPhone|Gekyume|kamron’s iphone
2025-03-07 00:00:00,4465,iPhone|iPhone|Gekyume|kamron’s iphone
2025-03-08 00:00:00,9722,iPhone|iPhone|Gekyume|kamron’s iphone
2025-03-09 00:00:00,4227,iPhone|iPhone|Gekyume|kamron’s iphone
2025-03-10 00:00:00,10905,iPhone|iPhone|Gekyume|kamron’s iphone
2025-03-11 00:00:00,8426,iPhone|iPhone|Gekyume|kamron’s iphone
2025-03-12 00:00:00,6966,iPhone|iPhone|Gekyume|kamron’s iphone
2025-03-13 00:00:00,7204,iPhone|iPhone|Gekyume|kamron’s iphone
2025-03-14 00:00:00,5913,iPhone|iPhone|Gekyume|kamron’s iphone
2025-03-15 00:00:00,3238,iPhone|iPhone|Gekyume|kamron’s iphone
2025-03-16 00:00:00,4070,iPhone|iPhone|Gekyume|kamron’s iphone
2025-03-17 00:00:00,1806,iPhone|iPhone|Gekyume|kamron’s iphone
2025-03-18 00:00:00,2021,iPhone|iPhone|Gekyume|kamron’s iphone
2025-03-19 00:00:00,5437,iPhone|iPhone|Gekyume|kamron’s iphone
2025-03-20 00:00:00,1979,iPhone|iPhone|Gekyume|kamron’s iphone
2025-03-21 00:00:00,7588,iPhone|iPhone|Gekyume|kamron’s iphone
2025-03-22 00:00:00,616,iPhone|iPhone|Gekyume|kamron’s iphone
2025-03-23 00:00:00,5029,iPhone|iPhone|Gekyume|kamron’s iphone
2025-03-24 00:00:00,8286,iPhone|iPhone|Gekyume|kamron’s iphone
2025-03-25 00:00:00,8377,iPhone|iPhone|Gekyume|kamron’s iphone
2025-03-26 00:00:00,6722,iPhone|iPhone|Gekyume|kamron’s iphone
2025-03-27 00:00:00,7945,iPhone|iPhone|Gekyume|kamron’s iphone
2025-03-28 00:00:00,4870,iPhone|iPhone|Gekyume|kamron’s iphone
2025-03-29 00:00:00,6015,iPhone|iPhone|Gekyume|kamron’s iphone
2025-03-30 00:00:00,4093,iPhone|iPhone|Gekyume|kamron’s iphone
2025-03-31 00:00:00,12107,iPhone|iPhone|Gekyume|kamron’s iphone
2025-04-01 00:00:00,5523,iPhone|iPhone|Gekyume|kamron’s iphone
2025-04-02 00:00:00,9789,iPhone|iPhone|Gekyume|kamron’s iphone
2025-04-03 00:00:00,8685,iPhone|iPhone|Gekyume|kamron’s iphone
2025-04-04 00:00:00,7115,iPhone|iPhone|Gekyume|kamron’s iphone
2025-04-05 00:00:00,6096,iPhone|iPhone|Gekyume|kamron’s iphone
2025-04-06 00:00:00,6221,iPhone|iPhone|Gekyume|kamron’s iphone
2025-04-07 00:00:00,8475,iPhone|iPhone|Gekyume|kamron’s iphone
2025-04-08 00:00:00,10074,iPhone|iPhone|Gekyume|kamron’s iphone
2025-04-09 00:00:00,7671,iPhone|iPhone|Gekyume|kamron’s iphone
2025-04-10 00:00:00,8869,iPhone|iPhone|Gekyume|kamron’s iphone
2025-04-11 00:00:00,1027,iPhone|iPhone|Gekyume|kamron’s iphone
2025-04-12 00:00:00,1204,iPhone|iPhone|Gekyume|kamron’s iphone
2025-04-13 00:00:00,1385,iPhone|iPhone|Gekyume|kamron’s iphone
2025-04-14 00:00:00,5003,iPhone|iPhone|Gekyume|kamron’s iphone
2025-04-15 00:00:00,4136,iPhone|iPhone|Gekyume|kamron’s iphone
2025-04-16 00:00:00,7550,iPhone|iPhone|Gekyume|kamron’s iphone
2025-04-17 00:00:00,7362,iPhone|iPhone|Gekyume|kamron’s iphone
2025-04-18 00:00:00,10446,iPhone|iPhone|Gekyume|kamron’s iphone
2025-04-19 00:00:00,15245,iPhone|iPhone|Gekyume|kamron’s iphone
2025-04-20 00:00:00,2965,iPhone|iPhone|Gekyume|kamron’s iphone
2025-04-21 00:00:00,7721,iPhone|iPhone|Gekyume|kamron’s iphone
2025-04-22 00:00:00,5527,iPhone|iPhone|Gekyume|kamron’s iphone
2025-04-23 00:00:00,6167,iPhone|iPhone|Gekyume|kamron’s iphone
2025-04-24 00:00:00,8741,iPhone|iPhone|Gekyume|kamron’s iphone
2025-04-25 00:00:00,2594,iPhone|iPhone|Gekyume|kamron’s iphone
2025-04-26 00:00:00,2959,iPhone|iPhone|Gekyume|kamron’s iphone
2025-04-27 00:00:00,3795,iPhone|iPhone|Gekyume|kamron’s iphone
2025-04-28 00:00:00,23675,iPhone|iPhone|Gekyume|kamron’s iphone
2025-04-29 00:00:00,14706,iPhone|iPhone|Gekyume|kamron’s iphone
2025-04-30 00:00:00,30018,iPhone|iPhone|Gekyume|kamron’s iphone
2025-05-01 00:00:00,13149,iPhone|iPhone|Gekyume|kamron’s iphone
2025-05-02 00:00:00,6369,iPhone|iPhone|Gekyume|kamron’s iphone
2025-05-03 00:00:00,4047,iPhone|iPhone|Gekyume|kamron’s iphone
2025-05-04 00:00:00,3467,iPhone|iPhone|Gekyume|kamron’s iphone
2025-05-05 00:00:00,15534,iPhone|iPhone|Gekyume|kamron’s iphone
2025-05-06 00:00:00,9620,iPhone|iPhone|Gekyume|kamron’s iphone
2025-05-07 00:00:00,8653,iPhone|iPhone|Gekyume|kamron’s iphone
2025-05-08 00:00:00,10884,iPhone|iPhone|Gekyume|kamron’s iphone
2025-05-09 00:00:00,3944,iPhone|iPhone|Gekyume|kamron’s iphone
2025-05-10 00:00:00,799,iPhone|iPhone|Gekyume|kamron’s iphone
2025-05-11 00:00:00,3556,iPhone|iPhone|Gekyume|kamron’s iphone
2025-05-12 00:00:00,24806,iPhone|iPhone|Gekyume|kamron’s iphone
2025-05-13 00:00:00,14184,iPhone|iPhone|Gekyume|kamron’s iphone
2025-05-14 00:00:00,10139,iPhone|iPhone|Gekyume|kamron’s iphone
2025-05-15 00:00:00,8415,iPhone|iPhone|Gekyume|kamron’s iphone
2025-05-16 00:00:00,6482,iPhone|iPhone|Gekyume|kamron’s iphone
2025-05-17 00:00:00,21480,iPhone|iPhone|Gekyume|kamron’s iphone
2025-05-18 00:00:00,8855,iPhone|iPhone|Gekyume|kamron’s iphone
2025-05-19 00:00:00,12060,iPhone|iPhone|Gekyume|kamron’s iphone
2025-05-20 00:00:00,11377,iPhone|iPhone|Gekyume|kamron’s iphone
2025-05-21 00:00:00,4083,iPhone|iPhone|Gekyume|kamron’s iphone
2025-05-22 00:00:00,6646,iPhone|iPhone|Gekyume|kamron’s iphone
2025-05-23 00:00:00,4341,iPhone|iPhone|Gekyume|kamron’s iphone
2025-05-24 00:00:00,7444,iPhone|iPhone|Gekyume|kamron’s iphone
2025-05-25 00:00:00,5253,iPhone|iPhone|Gekyume|kamron’s iphone
